date,team1,team2,venue,toss_decision,toss_won_by_team1,team1_form,team2_form,form_difference,h2h_team1_win_rate,team1_venue_win_rate,team2_venue_win_rate,target_team1_win
2008-04-18,Royal Challengers Bengaluru,Kolkata Knight Riders,M. Chinnaswamy Stadium,field,1,0.5,0.5,0.0,0.5,0.5,0.5,0
2008-04-19,Punjab Kings,Chennai Super Kings,Punjab Cricket Association IS Bindra Stadium,bat,0,0.5,0.5,0.0,0.5,0.5,0.5,0
2008-04-19,Delhi Capitals,Rajasthan Royals,Feroz Shah Kotla,bat,0,0.5,0.5,0.0,0.5,0.5,0.5,1
2008-04-20,Kolkata Knight Riders,Sunrisers Hyderabad,Eden Gardens,bat,0,1.0,0.5,0.5,0.5,0.5,0.5,1
2008-04-20,Mumbai Indians,Royal Challengers Bengaluru,Wankhede Stadium,bat,1,0.5,0.0,0.5,0.5,0.5,0.5,0
2008-04-21,Rajasthan Royals,Punjab Kings,Sawai Mansingh Stadium,bat,0,0.0,0.0,0.0,0.5,0.5,0.5,1
2008-04-22,Sunrisers Hyderabad,Delhi Capitals,Rajiv Gandhi International Cricket Stadium,bat,1,0.0,1.0,-1.0,0.5,0.5,0.5,0
2008-04-23,Chennai Super Kings,Mumbai Indians,MA Chidambaram Stadium,field,0,1.0,0.0,1.0,0.5,0.5,0.5,1
2008-04-24,Sunrisers Hyderabad,Rajasthan Royals,Rajiv Gandhi International Cricket Stadium,field,0,0.0,0.5,-0.5,0.5,0.0,0.5,0
2008-04-25,Punjab Kings,Mumbai Indians,Punjab Cricket Association IS Bindra Stadium,field,0,0.0,0.0,0.0,0.5,0.0,0.5,1
2008-04-26,Chennai Super Kings,Kolkata Knight Riders,MA Chidambaram Stadium,bat,0,1.0,1.0,0.0,0.5,1.0,0.5,1
2008-04-26,Royal Challengers Bengaluru,Rajasthan Royals,M. Chinnaswamy Stadium,field,0,0.5,0.6666666666666666,-0.16666666666666663,0.5,0.0,0.5,0
2008-04-27,Mumbai Indians,Sunrisers Hyderabad,Dr DY Patil Sports Academy,field,0,0.0,0.0,0.0,0.5,0.5,0.5,0
2008-04-27,Punjab Kings,Delhi Capitals,Punjab Cricket Association IS Bindra Stadium,bat,0,0.3333333333333333,1.0,-0.6666666666666667,0.5,0.5,0.5,1
2008-04-28,Royal Challengers Bengaluru,Chennai Super Kings,M. Chinnaswamy Stadium,bat,0,0.3333333333333333,1.0,-0.6666666666666667,0.5,0.0,0.5,0
2008-04-29,Kolkata Knight Riders,Mumbai Indians,Eden Gardens,bat,1,0.6666666666666666,0.0,0.6666666666666666,0.5,1.0,0.5,0
2008-04-30,Delhi Capitals,Royal Challengers Bengaluru,Feroz Shah Kotla,field,0,0.6666666666666666,0.25,0.41666666666666663,0.5,1.0,0.5,1
2008-05-01,Rajasthan Royals,Kolkata Knight Riders,Sawai Mansingh Stadium,bat,1,0.75,0.5,0.25,0.5,1.0,0.5,1
2008-05-01,Sunrisers Hyderabad,Punjab Kings,Rajiv Gandhi International Cricket Stadium,field,0,0.25,0.5,-0.25,0.5,0.0,0.5,0
2008-05-02,Chennai Super Kings,Delhi Capitals,MA Chidambaram Stadium,bat,1,1.0,0.75,0.25,0.5,1.0,0.5,0
2008-05-03,Royal Challengers Bengaluru,Sunrisers Hyderabad,M. Chinnaswamy Stadium,field,0,0.2,0.2,0.0,0.5,0.0,0.5,1
2008-05-03,Punjab Kings,Kolkata Knight Riders,Punjab Cricket Association IS Bindra Stadium,bat,1,0.6,0.4,0.19999999999999996,0.5,0.6666666666666666,0.5,1
2008-05-04,Mumbai Indians,Delhi Capitals,Dr DY Patil Sports Academy,field,0,0.2,0.8,-0.6000000000000001,0.5,0.0,0.5,1
2008-05-04,Rajasthan Royals,Chennai Super Kings,Sawai Mansingh Stadium,bat,0,0.8,0.8,0.0,0.5,1.0,0.5,1
2008-05-05,Royal Challengers Bengaluru,Punjab Kings,M. Chinnaswamy Stadium,field,0,0.4,0.8,-0.4,0.5,0.25,0.5,0
2008-05-06,Chennai Super Kings,Sunrisers Hyderabad,MA Chidambaram Stadium,field,0,0.6,0.2,0.39999999999999997,0.5,0.6666666666666666,0.5,0
2008-05-07,Mumbai Indians,Rajasthan Royals,Dr DY Patil Sports Academy,field,1,0.4,1.0,-0.6,0.5,0.5,0.5,1
2008-05-08,Delhi Capitals,Chennai Super Kings,Feroz Shah Kotla,field,0,0.6,0.4,0.19999999999999996,1.0,1.0,0.5,0
2008-05-08,Kolkata Knight Riders,Royal Challengers Bengaluru,Eden Gardens,bat,1,0.2,0.2,0.0,1.0,0.5,0.5,1
2008-05-09,Rajasthan Royals,Sunrisers Hyderabad,Sawai Mansingh Stadium,field,1,0.8,0.4,0.4,1.0,1.0,0.5,1
2008-05-10,Chennai Super Kings,Punjab Kings,MA Chidambaram Stadium,field,0,0.4,1.0,-0.6,1.0,0.5,0.5,1
2008-05-11,Sunrisers Hyderabad,Kolkata Knight Riders,Rajiv Gandhi International Cricket Stadium,bat,0,0.4,0.2,0.2,0.0,0.0,0.5,0
2008-05-11,Rajasthan Royals,Delhi Capitals,Sawai Mansingh Stadium,field,1,0.8,0.4,0.4,0.0,1.0,0.5,1
2008-05-12,Punjab Kings,Royal Challengers Bengaluru,Punjab Cricket Association IS Bindra Stadium,bat,0,0.8,0.2,0.6000000000000001,1.0,0.75,0.5,1
2008-05-13,Kolkata Knight Riders,Delhi Capitals,Eden Gardens,bat,1,0.4,0.4,0.0,0.5,0.6666666666666666,0.5,1
2008-05-14,Mumbai Indians,Chennai Super Kings,Wankhede Stadium,field,1,0.6,0.4,0.19999999999999996,0.0,0.0,0.5,1
2008-05-15,Delhi Capitals,Sunrisers Hyderabad,Feroz Shah Kotla,field,0,0.2,0.2,0.0,1.0,0.6666666666666666,0.5,1
2008-05-16,Mumbai Indians,Kolkata Knight Riders,Wankhede Stadium,field,1,0.8,0.6,0.20000000000000007,1.0,0.5,0.5,1
2008-05-17,Rajasthan Royals,Royal Challengers Bengaluru,Sawai Mansingh Stadium,field,0,0.8,0.2,0.6000000000000001,1.0,1.0,0.5,1
2008-05-17,Delhi Capitals,Punjab Kings,Feroz Shah Kotla,bat,1,0.2,0.8,-0.6000000000000001,0.0,0.75,0.5,0
2008-05-18,Sunrisers Hyderabad,Mumbai Indians,Rajiv Gandhi International Cricket Stadium,field,1,0.2,1.0,-0.8,1.0,0.0,0.5,0
2008-05-18,Kolkata Knight Riders,Chennai Super Kings,Eden Gardens,bat,1,0.6,0.4,0.19999999999999996,0.0,0.75,0.5,0
2008-05-19,Royal Challengers Bengaluru,Delhi Capitals,M. Chinnaswamy Stadium,field,0,0.2,0.2,0.0,0.0,0.2,0.5,0
2008-05-20,Kolkata Knight Riders,Rajasthan Royals,Eden Gardens,field,0,0.6,0.8,-0.20000000000000007,0.0,0.6,0.5,0
2008-05-21,Mumbai Indians,Punjab Kings,Wankhede Stadium,field,1,1.0,0.8,0.19999999999999996,0.0,0.6666666666666666,0.5,0
2008-05-21,Chennai Super Kings,Royal Challengers Bengaluru,MA Chidambaram Stadium,bat,0,0.6,0.0,0.6,1.0,0.6,0.5,0
2008-05-23,Punjab Kings,Sunrisers Hyderabad,Punjab Cricket Association IS Bindra Stadium,field,1,0.8,0.2,0.6000000000000001,1.0,0.8,0.5,1
2008-05-24,Delhi Capitals,Mumbai Indians,Feroz Shah Kotla,field,1,0.4,0.8,-0.4,0.0,0.6,0.5,1
2008-05-24,Chennai Super Kings,Rajasthan Royals,MA Chidambaram Stadium,bat,0,0.6,0.8,-0.20000000000000007,0.0,0.5,0.5,0
2008-05-25,Sunrisers Hyderabad,Royal Challengers Bengaluru,Rajiv Gandhi International Cricket Stadium,bat,1,0.0,0.2,-0.2,0.0,0.0,0.5,0
2008-05-25,Kolkata Knight Riders,Punjab Kings,Eden Gardens,bat,0,0.4,0.8,-0.4,0.0,0.5,0.5,1
2008-05-26,Rajasthan Royals,Mumbai Indians,Sawai Mansingh Stadium,field,1,1.0,0.6,0.4,0.0,1.0,0.5,1
2008-05-27,Sunrisers Hyderabad,Chennai Super Kings,Rajiv Gandhi International Cricket Stadium,bat,1,0.0,0.4,-0.4,1.0,0.0,0.5,0
2008-05-28,Punjab Kings,Rajasthan Royals,Punjab Cricket Association IS Bindra Stadium,field,0,0.8,1.0,-0.19999999999999996,0.0,0.8333333333333334,0.5,1
2008-05-28,Royal Challengers Bengaluru,Mumbai Indians,M. Chinnaswamy Stadium,field,0,0.4,0.4,0.0,1.0,0.16666666666666666,0.5,0
2008-05-30,Delhi Capitals,Rajasthan Royals,Wankhede Stadium,field,1,0.6,0.8,-0.20000000000000007,0.5,0.5,0.5,0
2008-05-31,Chennai Super Kings,Punjab Kings,Wankhede Stadium,bat,0,0.4,0.8,-0.4,1.0,0.0,1.0,1
2008-06-01,Chennai Super Kings,Rajasthan Royals,Dr DY Patil Sports Academy,field,0,0.6,0.8,-0.20000000000000007,0.0,0.5,0.0,0
2009-04-18,Chennai Super Kings,Mumbai Indians,Newlands,field,1,0.4,0.4,0.0,0.5,0.5,0.5,0
2009-04-18,Royal Challengers Bengaluru,Rajasthan Royals,Newlands,bat,1,0.4,0.8,-0.4,0.0,0.5,0.5,1
2009-04-19,Delhi Capitals,Punjab Kings,Newlands,field,1,0.6,0.6,0.0,0.0,0.5,0.5,1
2009-04-19,Sunrisers Hyderabad,Kolkata Knight Riders,Newlands,bat,0,0.0,0.4,-0.4,0.0,0.5,0.5,1
2009-04-20,Royal Challengers Bengaluru,Chennai Super Kings,St George's Park,bat,0,0.6,0.4,0.19999999999999996,0.5,0.5,0.5,0
2009-04-21,Punjab Kings,Kolkata Knight Riders,Kingsmead,field,0,0.4,0.2,0.2,0.5,0.5,0.5,0
2009-04-22,Royal Challengers Bengaluru,Sunrisers Hyderabad,Newlands,bat,0,0.6,0.2,0.39999999999999997,1.0,1.0,1.0,0
2009-04-23,Chennai Super Kings,Delhi Capitals,Kingsmead,bat,0,0.6,0.6,0.0,0.5,0.5,0.5,0
2009-04-24,Royal Challengers Bengaluru,Punjab Kings,Kingsmead,bat,1,0.4,0.2,0.2,0.0,0.5,0.0,0
2009-04-25,Sunrisers Hyderabad,Mumbai Indians,Kingsmead,bat,1,0.4,0.4,0.0,0.5,0.5,0.5,1
2009-04-26,Royal Challengers Bengaluru,Delhi Capitals,St George's Park,bat,1,0.2,0.8,-0.6000000000000001,0.0,0.0,0.5,0
2009-04-26,Punjab Kings,Rajasthan Royals,Newlands,bat,1,0.4,0.6,-0.19999999999999996,0.5,0.0,0.0,1
2009-04-27,Chennai Super Kings,Sunrisers Hyderabad,Kingsmead,field,0,0.4,0.6,-0.19999999999999996,0.5,0.0,1.0,0
2009-04-27,Kolkata Knight Riders,Mumbai Indians,St George's Park,bat,0,0.4,0.4,0.0,0.0,0.5,0.5,0
2009-04-28,Delhi Capitals,Rajasthan Royals,SuperSport Park,bat,1,0.8,0.4,0.4,0.3333333333333333,0.5,0.5,0
2009-04-29,Punjab Kings,Mumbai Indians,Kingsmead,bat,1,0.4,0.6,-0.19999999999999996,1.0,0.5,0.0,1
2009-04-29,Royal Challengers Bengaluru,Kolkata Knight Riders,Kingsmead,bat,0,0.2,0.4,-0.2,0.0,0.0,1.0,1
2009-04-30,Sunrisers Hyderabad,Delhi Capitals,SuperSport Park,field,0,0.8,0.6,0.20000000000000007,0.0,0.5,0.0,0
2009-04-30,Chennai Super Kings,Rajasthan Royals,SuperSport Park,field,0,0.2,0.6,-0.39999999999999997,0.0,0.5,1.0,1
2009-05-01,Royal Challengers Bengaluru,Punjab Kings,Kingsmead,bat,1,0.2,0.6,-0.39999999999999997,0.0,0.5,0.6666666666666666,1
2009-05-01,Kolkata Knight Riders,Mumbai Indians,Buffalo Park,bat,0,0.4,0.6,-0.19999999999999996,0.0,0.5,0.5,0
2009-05-02,Sunrisers Hyderabad,Rajasthan Royals,St George's Park,bat,1,0.8,0.4,0.4,0.0,0.5,0.5,0
2009-05-02,Chennai Super Kings,Delhi Capitals,New Wanderers Stadium,field,0,0.4,0.8,-0.4,0.3333333333333333,0.5,0.5,1
2009-05-03,Royal Challengers Bengaluru,Mumbai Indians,New Wanderers Stadium,bat,0,0.4,0.6,-0.19999999999999996,0.5,0.5,0.5,1
2009-05-03,Punjab Kings,Kolkata Knight Riders,St George's Park,bat,0,0.6,0.2,0.39999999999999997,0.3333333333333333,0.5,0.0,1
2009-05-04,Chennai Super Kings,Sunrisers Hyderabad,Buffalo Park,bat,1,0.6,0.6,0.0,0.3333333333333333,0.5,0.5,1
2009-05-05,Delhi Capitals,Kolkata Knight Riders,Kingsmead,bat,0,0.6,0.2,0.39999999999999997,0.0,1.0,0.5,1
2009-05-05,Punjab Kings,Rajasthan Royals,Kingsmead,field,1,0.8,0.4,0.4,0.6666666666666666,0.5,0.5,0
2009-05-06,Sunrisers Hyderabad,Mumbai Indians,SuperSport Park,bat,1,0.4,0.4,0.0,0.6666666666666666,0.0,0.5,1
2009-05-07,Royal Challengers Bengaluru,Rajasthan Royals,SuperSport Park,field,0,0.6,0.6,0.0,0.3333333333333333,0.5,0.5,0
2009-05-07,Chennai Super Kings,Punjab Kings,SuperSport Park,bat,1,0.6,0.6,0.0,1.0,1.0,0.5,1
2009-05-08,Delhi Capitals,Mumbai Indians,Buffalo Park,bat,0,0.6,0.4,0.19999999999999996,0.5,0.5,1.0,1
2009-05-09,Sunrisers Hyderabad,Punjab Kings,De Beers Diamond Oval,field,0,0.4,0.4,0.0,0.0,0.5,0.5,0
2009-05-09,Chennai Super Kings,Rajasthan Royals,De Beers Diamond Oval,bat,0,0.8,0.8,0.0,0.25,0.5,0.5,1
2009-05-10,Royal Challengers Bengaluru,Mumbai Indians,St George's Park,bat,0,0.6,0.2,0.39999999999999997,0.6666666666666666,0.0,1.0,0
2009-05-10,Delhi Capitals,Kolkata Knight Riders,New Wanderers Stadium,field,1,0.6,0.0,0.6,0.5,0.0,0.5,1
2009-05-11,Sunrisers Hyderabad,Rajasthan Royals,De Beers Diamond Oval,bat,1,0.2,0.6,-0.39999999999999997,0.0,0.0,0.0,1
2009-05-12,Royal Challengers Bengaluru,Kolkata Knight Riders,SuperSport Park,field,1,0.6,0.0,0.6,0.3333333333333333,0.0,0.5,1
2009-05-12,Punjab Kings,Mumbai Indians,SuperSport Park,bat,1,0.4,0.4,0.0,1.0,0.0,0.0,0
2009-05-13,Sunrisers Hyderabad,Delhi Capitals,Kingsmead,field,1,0.4,0.8,-0.4,0.0,1.0,1.0,0
2009-05-14,Royal Challengers Bengaluru,Chennai Super Kings,Kingsmead,bat,0,0.6,1.0,-0.4,0.3333333333333333,0.6666666666666666,0.0,1
2009-05-14,Mumbai Indians,Rajasthan Royals,Kingsmead,bat,0,0.4,0.6,-0.19999999999999996,0.5,0.0,1.0,0
2009-05-15,Delhi Capitals,Punjab Kings,OUTsurance Oval,field,0,0.8,0.4,0.4,0.3333333333333333,0.5,0.5,0
2009-05-16,Chennai Super Kings,Mumbai Indians,St George's Park,bat,0,0.8,0.4,0.4,0.3333333333333333,1.0,1.0,1
2009-05-16,Sunrisers Hyderabad,Kolkata Knight Riders,New Wanderers Stadium,field,1,0.4,0.0,0.4,0.3333333333333333,0.5,0.0,1
2009-05-17,Delhi Capitals,Rajasthan Royals,OUTsurance Oval,bat,1,0.8,0.6,0.20000000000000007,0.25,0.0,0.5,1
2009-05-17,Sunrisers Hyderabad,Punjab Kings,New Wanderers Stadium,field,1,0.6,0.4,0.19999999999999996,0.0,1.0,0.5,0
2009-05-18,Chennai Super Kings,Kolkata Knight Riders,SuperSport Park,bat,1,0.8,0.0,0.8,1.0,1.0,0.0,0
2009-05-19,Royal Challengers Bengaluru,Delhi Capitals,New Wanderers Stadium,bat,0,0.6,0.8,-0.20000000000000007,0.0,1.0,0.5,1
2009-05-20,Kolkata Knight Riders,Rajasthan Royals,Kingsmead,field,1,0.2,0.4,-0.2,0.0,0.3333333333333333,1.0,1
2009-05-20,Chennai Super Kings,Punjab Kings,Kingsmead,bat,1,0.6,0.6,0.0,1.0,0.0,0.4,1
2009-05-21,Delhi Capitals,Mumbai Indians,SuperSport Park,field,1,0.6,0.4,0.19999999999999996,0.6666666666666666,0.5,0.5,1
2009-05-21,Royal Challengers Bengaluru,Sunrisers Hyderabad,SuperSport Park,bat,1,0.6,0.4,0.19999999999999996,0.6666666666666666,0.5,0.5,1
2009-05-22,Delhi Capitals,Sunrisers Hyderabad,SuperSport Park,field,0,0.6,0.4,0.19999999999999996,1.0,0.6666666666666666,0.3333333333333333,0
2009-05-23,Royal Challengers Bengaluru,Chennai Super Kings,New Wanderers Stadium,field,1,0.8,0.6,0.20000000000000007,0.5,1.0,1.0,1
2009-05-24,Royal Challengers Bengaluru,Sunrisers Hyderabad,New Wanderers Stadium,field,1,1.0,0.4,0.6,0.75,1.0,0.5,0
2010-03-12,Sunrisers Hyderabad,Kolkata Knight Riders,Dr DY Patil Sports Academy,field,1,0.6,0.4,0.19999999999999996,0.5,1.0,0.5,0
2010-03-13,Mumbai Indians,Rajasthan Royals,Brabourne Stadium,bat,1,0.4,0.2,0.2,0.3333333333333333,0.5,0.5,1
2010-03-13,Punjab Kings,Delhi Capitals,Punjab Cricket Association IS Bindra Stadium,field,0,0.6,0.4,0.19999999999999996,0.75,0.8571428571428571,0.0,0
2010-03-14,Kolkata Knight Riders,Royal Challengers Bengaluru,Eden Gardens,field,1,0.6,0.8,-0.20000000000000007,0.5,0.5714285714285714,0.0,1
2010-03-14,Chennai Super Kings,Sunrisers Hyderabad,MA Chidambaram Stadium,bat,0,0.4,0.4,0.0,0.5,0.42857142857142855,1.0,0
2010-03-15,Rajasthan Royals,Delhi Capitals,"Sardar Patel Stadium, Motera",field,0,0.2,0.6,-0.39999999999999997,0.6,0.5,0.5,0
2010-03-16,Royal Challengers Bengaluru,Punjab Kings,M. Chinnaswamy Stadium,bat,0,0.6,0.4,0.19999999999999996,0.25,0.14285714285714285,1.0,1
2010-03-16,Kolkata Knight Riders,Chennai Super Kings,Eden Gardens,bat,0,0.8,0.4,0.4,0.3333333333333333,0.625,1.0,0
2010-03-17,Delhi Capitals,Mumbai Indians,Feroz Shah Kotla,field,1,0.6,0.4,0.19999999999999996,0.75,0.6666666666666666,0.0,0
2010-03-18,Royal Challengers Bengaluru,Rajasthan Royals,M. Chinnaswamy Stadium,field,1,0.6,0.2,0.39999999999999997,0.25,0.25,1.0,1
2010-03-19,Delhi Capitals,Chennai Super Kings,Feroz Shah Kotla,bat,1,0.6,0.4,0.19999999999999996,0.5,0.5714285714285714,1.0,0
2010-03-19,Sunrisers Hyderabad,Punjab Kings,Barabati Stadium,field,0,0.6,0.4,0.19999999999999996,0.0,0.5,0.5,1
2010-03-20,Mumbai Indians,Royal Challengers Bengaluru,Brabourne Stadium,bat,1,0.4,0.6,-0.19999999999999996,0.5,1.0,0.5,0
2010-03-20,Rajasthan Royals,Kolkata Knight Riders,"Sardar Patel Stadium, Motera",bat,1,0.0,0.8,-0.8,0.6666666666666666,0.0,0.5,1
2010-03-21,Sunrisers Hyderabad,Delhi Capitals,Barabati Stadium,bat,1,0.8,0.4,0.4,0.2,1.0,0.5,1
2010-03-22,Mumbai Indians,Kolkata Knight Riders,Brabourne Stadium,bat,0,0.4,0.6,-0.19999999999999996,1.0,0.5,0.5,1
2010-03-23,Royal Challengers Bengaluru,Chennai Super Kings,M. Chinnaswamy Stadium,field,0,0.6,0.6,0.0,0.6,0.3333333333333333,1.0,1
2010-03-24,Punjab Kings,Rajasthan Royals,Punjab Cricket Association IS Bindra Stadium,field,1,0.2,0.2,0.0,0.5,0.75,0.0,0
2010-03-25,Royal Challengers Bengaluru,Delhi Capitals,M. Chinnaswamy Stadium,field,1,0.8,0.4,0.4,0.25,0.4,1.0,0
2010-03-25,Chennai Super Kings,Mumbai Indians,"Brabourne Stadium, Mumbai",field,0,0.4,0.6,-0.19999999999999996,0.5,0.5,0.5,0
2010-03-26,Rajasthan Royals,Sunrisers Hyderabad,"Sardar Patel Stadium, Motera",bat,0,0.4,0.8,-0.4,0.75,0.5,0.5,1
2010-03-27,Punjab Kings,Kolkata Knight Riders,Punjab Cricket Association IS Bindra Stadium,bat,0,0.0,0.4,-0.4,0.5,0.6666666666666666,0.0,0
2010-03-28,Rajasthan Royals,Chennai Super Kings,"Sardar Patel Stadium, Motera",bat,1,0.6,0.4,0.19999999999999996,0.6,0.6666666666666666,0.5,1
2010-03-28,Sunrisers Hyderabad,Mumbai Indians,Dr DY Patil Sports Academy,field,1,0.6,0.8,-0.20000000000000007,0.75,0.5,0.6666666666666666,0
2010-03-29,Delhi Capitals,Kolkata Knight Riders,Feroz Shah Kotla,bat,1,0.4,0.4,0.0,0.6666666666666666,0.5,0.5,1
2010-03-30,Mumbai Indians,Punjab Kings,Brabourne Stadium,field,1,0.8,0.0,0.8,0.25,0.6666666666666666,0.5,1
2010-03-31,Chennai Super Kings,Royal Challengers Bengaluru,MA Chidambaram Stadium,bat,0,0.4,0.8,-0.4,0.3333333333333333,0.375,1.0,1
2010-03-31,Delhi Capitals,Rajasthan Royals,Feroz Shah Kotla,bat,1,0.4,0.8,-0.4,0.5,0.5555555555555556,0.0,1
2010-04-01,Kolkata Knight Riders,Sunrisers Hyderabad,Eden Gardens,bat,1,0.2,0.6,-0.39999999999999997,0.6,0.5555555555555556,0.0,1
2010-04-02,Punjab Kings,Royal Challengers Bengaluru,Punjab Cricket Association IS Bindra Stadium,bat,1,0.0,0.6,-0.6,0.6,0.6,0.0,0
2010-04-03,Mumbai Indians,Sunrisers Hyderabad,Brabourne Stadium,bat,1,0.8,0.4,0.4,0.4,0.75,0.5,1
2010-04-03,Chennai Super Kings,Rajasthan Royals,MA Chidambaram Stadium,bat,1,0.4,0.8,-0.4,0.3333333333333333,0.4444444444444444,1.0,1
2010-04-04,Delhi Capitals,Royal Challengers Bengaluru,Feroz Shah Kotla,bat,1,0.6,0.6,0.0,0.8,0.6,0.0,1
2010-04-04,Kolkata Knight Riders,Punjab Kings,Eden Gardens,bat,1,0.4,0.0,0.4,0.6,0.6,0.0,0
2010-04-05,Sunrisers Hyderabad,Rajasthan Royals,"Vidarbha Cricket Association Stadium, Jamtha",bat,0,0.2,0.6,-0.39999999999999997,0.2,0.5,0.5,0
2010-04-06,Chennai Super Kings,Mumbai Indians,MA Chidambaram Stadium,bat,1,0.4,1.0,-0.6,0.4,0.5,0.0,1
2010-04-07,Rajasthan Royals,Punjab Kings,Sawai Mansingh Stadium,bat,0,0.6,0.2,0.39999999999999997,0.6,1.0,0.0,1
2010-04-07,Kolkata Knight Riders,Delhi Capitals,Eden Gardens,bat,1,0.4,0.8,-0.4,0.25,0.5454545454545454,0.0,1
2010-04-08,Royal Challengers Bengaluru,Sunrisers Hyderabad,M. Chinnaswamy Stadium,field,0,0.4,0.0,0.4,0.6,0.36363636363636365,0.0,0
2010-04-09,Punjab Kings,Mumbai Indians,Punjab Cricket Association IS Bindra Stadium,bat,0,0.2,0.8,-0.6000000000000001,0.6,0.5454545454545454,0.0,1
2010-04-10,Sunrisers Hyderabad,Chennai Super Kings,"Vidarbha Cricket Association Stadium, Jamtha",bat,0,0.2,0.6,-0.39999999999999997,0.6,0.0,0.5,1
2010-04-10,Royal Challengers Bengaluru,Kolkata Knight Riders,M. Chinnaswamy Stadium,field,1,0.2,0.6,-0.39999999999999997,0.4,0.3333333333333333,1.0,1
2010-04-11,Delhi Capitals,Punjab Kings,Feroz Shah Kotla,bat,1,0.8,0.4,0.4,0.4,0.6363636363636364,1.0,0
2010-04-11,Rajasthan Royals,Mumbai Indians,Sawai Mansingh Stadium,field,1,0.6,0.6,0.0,0.5,1.0,0.0,0
2010-04-12,Sunrisers Hyderabad,Royal Challengers Bengaluru,"Vidarbha Cricket Association Stadium, Jamtha",field,0,0.4,0.4,0.0,0.5,0.5,0.5,1
2010-04-13,Chennai Super Kings,Kolkata Knight Riders,MA Chidambaram Stadium,bat,0,0.6,0.4,0.19999999999999996,0.75,0.5454545454545454,0.0,1
2010-04-13,Mumbai Indians,Delhi Capitals,Brabourne Stadium,bat,1,0.6,0.6,0.0,0.4,0.8,0.5,1
2010-04-14,Rajasthan Royals,Royal Challengers Bengaluru,Sawai Mansingh Stadium,bat,1,0.4,0.4,0.0,0.6,0.8888888888888888,0.0,0
2010-04-15,Chennai Super Kings,Delhi Capitals,MA Chidambaram Stadium,bat,1,0.8,0.4,0.4,0.6,0.5833333333333334,1.0,0
2010-04-16,Punjab Kings,Sunrisers Hyderabad,Himachal Pradesh Cricket Association Stadium,field,0,0.6,0.6,0.0,0.8,0.5,0.5,0
2010-04-17,Royal Challengers Bengaluru,Mumbai Indians,M. Chinnaswamy Stadium,field,1,0.4,0.6,-0.19999999999999996,0.6,0.38461538461538464,1.0,0
2010-04-17,Kolkata Knight Riders,Rajasthan Royals,Eden Gardens,bat,0,0.4,0.4,0.0,0.25,0.5833333333333334,1.0,1
2010-04-18,Punjab Kings,Chennai Super Kings,Himachal Pradesh Cricket Association Stadium,field,0,0.6,0.6,0.0,0.0,0.0,0.5,0
2010-04-18,Delhi Capitals,Sunrisers Hyderabad,Feroz Shah Kotla,bat,0,0.4,0.8,-0.4,0.6666666666666666,0.5833333333333334,0.0,0
2010-04-19,Kolkata Knight Riders,Mumbai Indians,Eden Gardens,bat,0,0.4,0.6,-0.19999999999999996,0.0,0.6153846153846154,1.0,1
2010-04-21,Royal Challengers Bengaluru,Mumbai Indians,Dr DY Patil Sports Academy,bat,0,0.4,0.6,-0.19999999999999996,0.5,0.5,0.75,0
2010-04-22,Chennai Super Kings,Sunrisers Hyderabad,Dr DY Patil Sports Academy,bat,1,0.6,1.0,-0.4,0.3333333333333333,0.0,0.3333333333333333,1
2010-04-24,Royal Challengers Bengaluru,Sunrisers Hyderabad,Dr DY Patil Sports Academy,bat,0,0.4,0.8,-0.4,0.42857142857142855,0.0,0.25,1
2010-04-25,Chennai Super Kings,Mumbai Indians,Dr DY Patil Sports Academy,bat,1,0.6,0.8,-0.20000000000000007,0.5,0.5,0.8,1
2011-04-08,Chennai Super Kings,Kolkata Knight Riders,MA Chidambaram Stadium,bat,1,0.8,0.6,0.20000000000000007,0.8,0.5384615384615384,0.0,1
2011-04-09,Sunrisers Hyderabad,Rajasthan Royals,Rajiv Gandhi International Cricket Stadium,field,0,0.6,0.4,0.19999999999999996,0.16666666666666666,0.0,1.0,0
2011-04-09,Kochi Tuskers Kerala,Royal Challengers Bengaluru,Nehru Stadium,bat,1,0.5,0.4,0.09999999999999998,0.5,0.5,0.5,0
2011-04-10,Delhi Capitals,Mumbai Indians,Feroz Shah Kotla,bat,1,0.2,0.6,-0.39999999999999997,0.5,0.5384615384615384,0.5,0
2011-04-10,Pune Warriors,Punjab Kings,Dr DY Patil Sports Academy,bat,0,0.5,0.4,0.09999999999999998,0.5,0.5,0.5,1
2011-04-11,Kolkata Knight Riders,Sunrisers Hyderabad,Eden Gardens,bat,1,0.4,0.4,0.0,0.6666666666666666,0.6428571428571429,0.0,1
2011-04-12,Royal Challengers Bengaluru,Mumbai Indians,M. Chinnaswamy Stadium,field,0,0.6,0.6,0.0,0.42857142857142855,0.35714285714285715,1.0,0
2011-04-12,Rajasthan Royals,Delhi Capitals,Sawai Mansingh Stadium,bat,0,0.4,0.2,0.2,0.42857142857142855,0.8,0.0,1
2011-04-13,Punjab Kings,Chennai Super Kings,Punjab Cricket Association IS Bindra Stadium,field,1,0.4,0.8,-0.4,0.0,0.5833333333333334,1.0,1
2011-04-13,Pune Warriors,Kochi Tuskers Kerala,Dr DY Patil Sports Academy,bat,0,1.0,0.0,1.0,0.5,1.0,0.5,1
2011-04-14,Sunrisers Hyderabad,Royal Challengers Bengaluru,Rajiv Gandhi International Cricket Stadium,field,0,0.2,0.4,-0.2,0.5,0.0,1.0,1
2011-04-15,Rajasthan Royals,Kolkata Knight Riders,Sawai Mansingh Stadium,field,0,0.4,0.6,-0.19999999999999996,0.6,0.8181818181818182,0.0,0
2011-04-15,Mumbai Indians,Kochi Tuskers Kerala,Wankhede Stadium,field,0,0.6,0.0,0.6,0.5,0.5,0.5,0
2011-04-16,Sunrisers Hyderabad,Punjab Kings,Rajiv Gandhi International Cricket Stadium,field,0,0.2,0.4,-0.2,0.3333333333333333,0.1111111111111111,1.0,0
2011-04-16,Chennai Super Kings,Royal Challengers Bengaluru,MA Chidambaram Stadium,bat,1,0.8,0.4,0.4,0.42857142857142855,0.5714285714285714,0.5,1
2011-04-17,Kolkata Knight Riders,Rajasthan Royals,Eden Gardens,field,1,0.8,0.4,0.4,0.5,0.6666666666666666,0.5,1
2011-04-17,Pune Warriors,Delhi Capitals,Dr DY Patil Sports Academy,field,0,1.0,0.2,0.8,0.5,1.0,0.0,0
2011-04-18,Kochi Tuskers Kerala,Chennai Super Kings,Nehru Stadium,field,1,0.3333333333333333,0.8,-0.46666666666666673,0.5,0.0,0.5,1
2011-04-19,Delhi Capitals,Sunrisers Hyderabad,Feroz Shah Kotla,bat,0,0.4,0.2,0.2,0.5714285714285714,0.5,0.5,0
2011-04-20,Mumbai Indians,Pune Warriors,Wankhede Stadium,bat,0,0.6,0.6666666666666666,-0.06666666666666665,0.5,0.4,0.5,1
2011-04-20,Kolkata Knight Riders,Kochi Tuskers Kerala,Eden Gardens,field,1,0.8,0.5,0.30000000000000004,0.5,0.6875,0.5,0
2011-04-21,Punjab Kings,Rajasthan Royals,Punjab Cricket Association IS Bindra Stadium,field,0,0.4,0.4,0.0,0.3333333333333333,0.6153846153846154,0.5,1
2011-04-22,Mumbai Indians,Chennai Super Kings,Wankhede Stadium,field,0,0.6,0.6,0.0,0.42857142857142855,0.5,0.5,1
2011-04-22,Kolkata Knight Riders,Royal Challengers Bengaluru,Eden Gardens,field,0,0.6,0.4,0.19999999999999996,0.5,0.6470588235294118,0.0,0
2011-04-23,Delhi Capitals,Punjab Kings,Feroz Shah Kotla,field,0,0.2,0.6,-0.39999999999999997,0.3333333333333333,0.4666666666666667,1.0,1
2011-04-24,Sunrisers Hyderabad,Mumbai Indians,Rajiv Gandhi International Cricket Stadium,field,1,0.4,0.8,-0.4,0.5,0.1,1.0,0
2011-04-24,Rajasthan Royals,Kochi Tuskers Kerala,Sawai Mansingh Stadium,field,1,0.4,0.6,-0.19999999999999996,0.5,0.75,0.5,1
2011-04-25,Chennai Super Kings,Pune Warriors,MA Chidambaram Stadium,field,0,0.4,0.5,-0.09999999999999998,0.5,0.6,0.5,1
2011-04-26,Delhi Capitals,Royal Challengers Bengaluru,Feroz Shah Kotla,field,0,0.4,0.4,0.0,0.8333333333333334,0.5,0.0,0
2011-04-27,Pune Warriors,Chennai Super Kings,Dr DY Patil Sports Academy,bat,1,0.4,0.4,0.0,0.0,0.6666666666666666,0.6666666666666666,0
2011-04-27,Kochi Tuskers Kerala,Sunrisers Hyderabad,Nehru Stadium,field,1,0.6,0.4,0.19999999999999996,0.5,0.5,0.5,0
2011-04-28,Delhi Capitals,Kolkata Knight Riders,Feroz Shah Kotla,field,1,0.4,0.6,-0.19999999999999996,0.6,0.47058823529411764,0.0,0
2011-04-29,Rajasthan Royals,Mumbai Indians,Sawai Mansingh Stadium,field,1,0.4,0.8,-0.4,0.4,0.7692307692307693,0.5,1
2011-04-29,Royal Challengers Bengaluru,Pune Warriors,M. Chinnaswamy Stadium,field,0,0.4,0.2,0.2,0.5,0.3333333333333333,0.5,1
2011-04-30,Kolkata Knight Riders,Punjab Kings,Eden Gardens,field,1,0.6,0.6,0.0,0.5,0.6111111111111112,0.5,1
2011-04-30,Kochi Tuskers Kerala,Delhi Capitals,Nehru Stadium,bat,0,0.6,0.4,0.19999999999999996,0.5,0.3333333333333333,0.5,0
2011-05-01,Rajasthan Royals,Pune Warriors,Sawai Mansingh Stadium,field,1,0.4,0.0,0.4,0.5,0.7857142857142857,0.5,1
2011-05-01,Chennai Super Kings,Sunrisers Hyderabad,MA Chidambaram Stadium,bat,1,0.6,0.6,0.0,0.42857142857142855,0.625,1.0,1
2011-05-02,Mumbai Indians,Punjab Kings,Wankhede Stadium,field,0,0.6,0.6,0.0,0.3333333333333333,0.5714285714285714,0.5,1
2011-05-02,Delhi Capitals,Kochi Tuskers Kerala,Feroz Shah Kotla,field,0,0.4,0.4,0.0,1.0,0.4444444444444444,0.5,0
2011-05-03,Sunrisers Hyderabad,Kolkata Knight Riders,Rajiv Gandhi International Cricket Stadium,field,1,0.4,0.6,-0.19999999999999996,0.2857142857142857,0.09090909090909091,1.0,0
2011-05-04,Pune Warriors,Mumbai Indians,Dr DY Patil Sports Academy,field,1,0.0,0.8,-0.8,0.0,0.5,0.6666666666666666,0
2011-05-04,Chennai Super Kings,Rajasthan Royals,MA Chidambaram Stadium,bat,0,0.6,0.6,0.0,0.42857142857142855,0.6470588235294118,0.5,1
2011-05-05,Sunrisers Hyderabad,Delhi Capitals,Rajiv Gandhi International Cricket Stadium,field,0,0.4,0.4,0.0,0.5,0.08333333333333333,1.0,0
2011-05-05,Kochi Tuskers Kerala,Kolkata Knight Riders,Nehru Stadium,field,0,0.4,0.6,-0.19999999999999996,1.0,0.25,0.5,1
2011-05-06,Royal Challengers Bengaluru,Punjab Kings,M. Chinnaswamy Stadium,field,0,0.6,0.4,0.19999999999999996,0.5,0.375,0.5,1
2011-05-07,Kolkata Knight Riders,Chennai Super Kings,Eden Gardens,bat,0,0.6,0.8,-0.20000000000000007,0.16666666666666666,0.631578947368421,1.0,1
2011-05-07,Mumbai Indians,Delhi Capitals,Wankhede Stadium,field,0,0.8,0.4,0.4,0.5714285714285714,0.625,0.0,1
2011-05-08,Royal Challengers Bengaluru,Kochi Tuskers Kerala,M. Chinnaswamy Stadium,bat,0,0.8,0.4,0.4,1.0,0.4117647058823529,0.5,1
2011-05-08,Punjab Kings,Pune Warriors,Punjab Cricket Association IS Bindra Stadium,bat,1,0.2,0.0,0.2,0.0,0.6428571428571429,0.5,0
2011-05-09,Rajasthan Royals,Chennai Super Kings,Sawai Mansingh Stadium,field,1,0.6,0.8,-0.20000000000000007,0.5,0.8,0.0,0
2011-05-10,Sunrisers Hyderabad,Pune Warriors,Rajiv Gandhi International Cricket Stadium,bat,1,0.2,0.2,0.0,0.5,0.07692307692307693,0.5,0
2011-05-10,Punjab Kings,Mumbai Indians,Punjab Cricket Association IS Bindra Stadium,field,0,0.0,0.8,-0.8,0.5714285714285714,0.6,0.0,1
2011-05-11,Rajasthan Royals,Royal Challengers Bengaluru,Sawai Mansingh Stadium,field,0,0.6,1.0,-0.4,0.5,0.75,0.5,0
2011-05-12,Chennai Super Kings,Delhi Capitals,MA Chidambaram Stadium,bat,1,0.8,0.4,0.4,0.5,0.6666666666666666,1.0,1
2011-05-13,Kochi Tuskers Kerala,Punjab Kings,Holkar Cricket Stadium,field,0,0.4,0.2,0.2,0.5,0.5,0.5,0
2011-05-14,Royal Challengers Bengaluru,Kolkata Knight Riders,M. Chinnaswamy Stadium,field,1,1.0,0.8,0.19999999999999996,0.5714285714285714,0.4444444444444444,0.5,1
2011-05-14,Mumbai Indians,Sunrisers Hyderabad,Wankhede Stadium,bat,0,0.6,0.2,0.39999999999999997,0.5714285714285714,0.6666666666666666,0.5,0
2011-05-15,Punjab Kings,Delhi Capitals,Himachal Pradesh Cricket Association Stadium,field,0,0.4,0.4,0.0,0.5714285714285714,0.0,0.5,1
2011-05-15,Kochi Tuskers Kerala,Rajasthan Royals,Holkar Cricket Stadium,field,1,0.4,0.4,0.0,0.0,0.0,0.5,1
2011-05-16,Pune Warriors,Sunrisers Hyderabad,Dr DY Patil Sports Academy,field,0,0.4,0.2,0.2,1.0,0.4,0.2,0
2011-05-17,Punjab Kings,Royal Challengers Bengaluru,Himachal Pradesh Cricket Association Stadium,bat,1,0.6,1.0,-0.4,0.42857142857142855,0.3333333333333333,0.5,1
2011-05-18,Chennai Super Kings,Kochi Tuskers Kerala,MA Chidambaram Stadium,bat,1,0.8,0.6,0.20000000000000007,0.0,0.6842105263157895,0.5,1
2011-05-19,Pune Warriors,Kolkata Knight Riders,Dr DY Patil Sports Academy,field,0,0.4,0.6,-0.19999999999999996,0.5,0.3333333333333333,1.0,0
2011-05-20,Mumbai Indians,Rajasthan Royals,Wankhede Stadium,bat,1,0.6,0.2,0.39999999999999997,0.5,0.6,1.0,0
2011-05-21,Punjab Kings,Sunrisers Hyderabad,Himachal Pradesh Cricket Association Stadium,field,1,0.8,0.4,0.4,0.7142857142857143,0.5,1.0,0
2011-05-22,Royal Challengers Bengaluru,Chennai Super Kings,M. Chinnaswamy Stadium,field,1,0.8,0.8,0.0,0.5,0.47368421052631576,0.5,1
2011-05-22,Kolkata Knight Riders,Mumbai Indians,Eden Gardens,field,0,0.6,0.4,0.19999999999999996,0.16666666666666666,0.65,0.5,0
2011-05-24,Royal Challengers Bengaluru,Chennai Super Kings,Wankhede Stadium,field,0,0.8,0.6,0.20000000000000007,0.5555555555555556,1.0,0.3333333333333333,0
2011-05-25,Mumbai Indians,Kolkata Knight Riders,Wankhede Stadium,field,1,0.4,0.4,0.0,0.8571428571428571,0.5454545454545454,0.0,1
2011-05-27,Royal Challengers Bengaluru,Mumbai Indians,MA Chidambaram Stadium,field,0,0.6,0.4,0.19999999999999996,0.375,0.3333333333333333,0.0,1
2011-05-28,Chennai Super Kings,Royal Challengers Bengaluru,MA Chidambaram Stadium,bat,1,0.8,0.6,0.20000000000000007,0.5,0.7,0.5,1
2012-04-04,Chennai Super Kings,Mumbai Indians,MA Chidambaram Stadium,field,0,0.8,0.4,0.4,0.5,0.7142857142857143,0.0,0
2012-04-05,Kolkata Knight Riders,Delhi Capitals,Eden Gardens,field,0,0.4,0.2,0.2,0.5,0.6190476190476191,0.0,0
2012-04-06,Mumbai Indians,Pune Warriors,Wankhede Stadium,field,1,0.6,0.4,0.19999999999999996,1.0,0.5833333333333334,0.0,0
2012-04-06,Rajasthan Royals,Punjab Kings,Sawai Mansingh Stadium,field,0,0.2,0.8,-0.6000000000000001,0.5714285714285714,0.7058823529411765,0.0,1
2012-04-07,Sunrisers Hyderabad,Chennai Super Kings,Dr. Y.S. Rajasekhara Reddy ACA-VDCA Cricket Stadium,field,1,0.6,0.6,0.0,0.5,0.5,0.5,0
2012-04-07,Royal Challengers Bengaluru,Delhi Capitals,M. Chinnaswamy Stadium,field,0,0.4,0.4,0.0,0.2857142857142857,0.5,1.0,1
2012-04-08,Pune Warriors,Punjab Kings,Subrata Roy Sahara Stadium,bat,1,0.6,0.6,0.0,1.0,0.5,0.5,1
2012-04-08,Rajasthan Royals,Kolkata Knight Riders,Sawai Mansingh Stadium,field,0,0.4,0.2,0.2,0.42857142857142855,0.7222222222222222,0.5,1
2012-04-09,Sunrisers Hyderabad,Mumbai Indians,Dr. Y.S. Rajasekhara Reddy ACA-VDCA Cricket Stadium,bat,1,0.6,0.6,0.0,0.5,0.0,0.5,0
2012-04-10,Royal Challengers Bengaluru,Kolkata Knight Riders,M. Chinnaswamy Stadium,field,1,0.6,0.2,0.39999999999999997,0.625,0.5238095238095238,0.3333333333333333,0
2012-04-10,Delhi Capitals,Chennai Super Kings,Feroz Shah Kotla,field,1,0.2,0.6,-0.39999999999999997,0.42857142857142855,0.42105263157894735,1.0,1
2012-04-11,Mumbai Indians,Rajasthan Royals,Wankhede Stadium,field,0,0.6,0.6,0.0,0.42857142857142855,0.5384615384615384,1.0,1
2012-04-12,Chennai Super Kings,Royal Challengers Bengaluru,MA Chidambaram Stadium,bat,0,0.6,0.4,0.19999999999999996,0.5454545454545454,0.6818181818181818,0.4,1
2012-04-12,Punjab Kings,Pune Warriors,Punjab Cricket Association IS Bindra Stadium,field,1,0.4,0.6,-0.19999999999999996,0.0,0.625,1.0,1
2012-04-13,Kolkata Knight Riders,Rajasthan Royals,Eden Gardens,bat,0,0.2,0.6,-0.39999999999999997,0.5,0.5909090909090909,0.3333333333333333,1
2012-04-14,Pune Warriors,Chennai Super Kings,Subrata Roy Sahara Stadium,bat,0,0.4,0.6,-0.19999999999999996,0.0,1.0,0.5,1
2012-04-15,Kolkata Knight Riders,Punjab Kings,Eden Gardens,field,1,0.4,0.4,0.0,0.5714285714285714,0.6086956521739131,0.3333333333333333,0
2012-04-15,Royal Challengers Bengaluru,Rajasthan Royals,M. Chinnaswamy Stadium,bat,0,0.4,0.6,-0.19999999999999996,0.5714285714285714,0.5,0.5,0
2012-04-16,Mumbai Indians,Delhi Capitals,Wankhede Stadium,field,0,0.6,0.4,0.19999999999999996,0.625,0.5714285714285714,0.0,0
2012-04-17,Royal Challengers Bengaluru,Pune Warriors,M. Chinnaswamy Stadium,bat,0,0.2,0.6,-0.39999999999999997,1.0,0.4782608695652174,0.0,1
2012-04-17,Rajasthan Royals,Sunrisers Hyderabad,Sawai Mansingh Stadium,bat,0,0.6,0.6,0.0,0.8571428571428571,0.7368421052631579,0.0,1
2012-04-18,Punjab Kings,Kolkata Knight Riders,Punjab Cricket Association IS Bindra Stadium,bat,1,0.4,0.4,0.0,0.5,0.6470588235294118,0.5,0
2012-04-19,Delhi Capitals,Sunrisers Hyderabad,Feroz Shah Kotla,bat,0,0.6,0.4,0.19999999999999996,0.5555555555555556,0.45,0.6666666666666666,1
2012-04-19,Chennai Super Kings,Pune Warriors,MA Chidambaram Stadium,field,0,0.4,0.6,-0.19999999999999996,0.6666666666666666,0.6956521739130435,0.0,1
2012-04-20,Punjab Kings,Royal Challengers Bengaluru,Punjab Cricket Association IS Bindra Stadium,field,0,0.4,0.4,0.0,0.5,0.6111111111111112,0.5,0
2012-04-21,Chennai Super Kings,Rajasthan Royals,MA Chidambaram Stadium,bat,0,0.6,0.6,0.0,0.5555555555555556,0.7083333333333334,0.3333333333333333,1
2012-04-21,Delhi Capitals,Pune Warriors,Feroz Shah Kotla,field,1,0.8,0.4,0.4,1.0,0.47619047619047616,0.5,0
2012-04-22,Mumbai Indians,Punjab Kings,Wankhede Stadium,bat,1,0.6,0.4,0.19999999999999996,0.375,0.5333333333333333,0.3333333333333333,0
2012-04-22,Sunrisers Hyderabad,Kolkata Knight Riders,Barabati Stadium,field,0,0.2,0.6,-0.39999999999999997,0.25,1.0,0.5,0
2012-04-23,Rajasthan Royals,Royal Challengers Bengaluru,Sawai Mansingh Stadium,field,1,0.4,0.4,0.0,0.5,0.75,0.6666666666666666,0
2012-04-24,Pune Warriors,Delhi Capitals,Subrata Roy Sahara Stadium,bat,1,0.4,0.6,-0.19999999999999996,0.5,1.0,0.5,0
2012-04-25,Punjab Kings,Mumbai Indians,Punjab Cricket Association IS Bindra Stadium,bat,1,0.6,0.4,0.19999999999999996,0.6666666666666666,0.5789473684210527,0.0,0
2012-04-26,Pune Warriors,Sunrisers Hyderabad,Subrata Roy Sahara Stadium,bat,0,0.4,0.0,0.4,0.5,0.6666666666666666,0.5,0
2012-04-27,Delhi Capitals,Mumbai Indians,Feroz Shah Kotla,field,0,0.8,0.6,0.20000000000000007,0.4444444444444444,0.45454545454545453,0.6666666666666666,1
2012-04-28,Chennai Super Kings,Punjab Kings,MA Chidambaram Stadium,bat,0,0.6,0.4,0.19999999999999996,0.8571428571428571,0.72,0.0,0
2012-04-28,Kolkata Knight Riders,Royal Challengers Bengaluru,Eden Gardens,bat,1,0.8,0.6,0.20000000000000007,0.4444444444444444,0.5833333333333334,0.3333333333333333,1
2012-04-29,Delhi Capitals,Rajasthan Royals,Feroz Shah Kotla,bat,1,0.8,0.4,0.4,0.5,0.4782608695652174,0.0,1
2012-04-29,Mumbai Indians,Sunrisers Hyderabad,Wankhede Stadium,field,1,0.4,0.2,0.2,0.5555555555555556,0.5,1.0,1
2012-04-30,Chennai Super Kings,Kolkata Knight Riders,MA Chidambaram Stadium,bat,1,0.6,0.8,-0.20000000000000007,0.7142857142857143,0.6923076923076923,0.0,0
2012-05-01,Sunrisers Hyderabad,Pune Warriors,Barabati Stadium,bat,1,0.2,0.2,0.0,0.6666666666666666,0.6666666666666666,0.5,1
2012-05-01,Rajasthan Royals,Delhi Capitals,Sawai Mansingh Stadium,bat,1,0.4,0.8,-0.4,0.4444444444444444,0.7142857142857143,0.0,0
2012-05-02,Royal Challengers Bengaluru,Punjab Kings,M. Chinnaswamy Stadium,field,0,0.6,0.4,0.19999999999999996,0.5555555555555556,0.5,0.3333333333333333,0
2012-05-03,Pune Warriors,Mumbai Indians,Subrata Roy Sahara Stadium,bat,0,0.2,0.4,-0.2,0.3333333333333333,0.5,0.5,0
2012-05-04,Chennai Super Kings,Sunrisers Hyderabad,MA Chidambaram Stadium,bat,1,0.4,0.4,0.0,0.5555555555555556,0.6666666666666666,0.6666666666666666,1
2012-05-05,Kolkata Knight Riders,Pune Warriors,Eden Gardens,bat,1,0.8,0.2,0.6000000000000001,1.0,0.6,0.5,1
2012-05-05,Punjab Kings,Rajasthan Royals,Punjab Cricket Association IS Bindra Stadium,bat,0,0.6,0.2,0.39999999999999997,0.375,0.55,0.3333333333333333,0
2012-05-06,Royal Challengers Bengaluru,Sunrisers Hyderabad,M. Chinnaswamy Stadium,field,1,0.6,0.4,0.19999999999999996,0.4444444444444444,0.48,0.5,1
2012-05-06,Mumbai Indians,Chennai Super Kings,Wankhede Stadium,field,1,0.6,0.6,0.0,0.5555555555555556,0.5294117647058824,0.5,1
2012-05-07,Delhi Capitals,Kolkata Knight Riders,Feroz Shah Kotla,bat,1,0.8,1.0,-0.19999999999999996,0.5714285714285714,0.5,0.5,0
2012-05-08,Pune Warriors,Rajasthan Royals,Subrata Roy Sahara Stadium,bat,1,0.0,0.2,-0.2,0.0,0.4,0.5,0
2012-05-08,Sunrisers Hyderabad,Punjab Kings,Rajiv Gandhi International Cricket Stadium,field,1,0.4,0.6,-0.19999999999999996,0.375,0.07142857142857142,1.0,0
2012-05-09,Mumbai Indians,Royal Challengers Bengaluru,Wankhede Stadium,field,0,0.8,0.6,0.20000000000000007,0.5555555555555556,0.5555555555555556,0.5,0
2012-05-10,Rajasthan Royals,Chennai Super Kings,Sawai Mansingh Stadium,field,0,0.4,0.4,0.0,0.4,0.6818181818181818,0.5,0
2012-05-10,Sunrisers Hyderabad,Delhi Capitals,Rajiv Gandhi International Cricket Stadium,bat,1,0.2,0.8,-0.6000000000000001,0.4,0.06666666666666667,1.0,0
2012-05-11,Pune Warriors,Royal Challengers Bengaluru,Subrata Roy Sahara Stadium,field,1,0.0,0.6,-0.6,0.0,0.3333333333333333,0.5,0
2012-05-12,Kolkata Knight Riders,Mumbai Indians,Eden Gardens,bat,0,1.0,0.6,0.4,0.125,0.6153846153846154,0.6666666666666666,0
2012-05-12,Chennai Super Kings,Delhi Capitals,MA Chidambaram Stadium,field,1,0.4,0.8,-0.4,0.5,0.6785714285714286,0.6666666666666666,1
2012-05-13,Punjab Kings,Sunrisers Hyderabad,Punjab Cricket Association IS Bindra Stadium,bat,0,0.6,0.2,0.39999999999999997,0.6666666666666666,0.5238095238095238,0.0,1
2012-05-13,Rajasthan Royals,Pune Warriors,Sawai Mansingh Stadium,bat,1,0.4,0.0,0.4,1.0,0.6521739130434783,0.0,1
2012-05-14,Royal Challengers Bengaluru,Mumbai Indians,M. Chinnaswamy Stadium,field,0,0.6,0.8,-0.20000000000000007,0.5,0.5,1.0,0
2012-05-14,Kolkata Knight Riders,Chennai Super Kings,Eden Gardens,field,0,0.8,0.6,0.20000000000000007,0.375,0.5925925925925926,0.6666666666666666,0
2012-05-15,Delhi Capitals,Punjab Kings,Feroz Shah Kotla,bat,0,0.6,0.8,-0.20000000000000007,0.375,0.48,0.6666666666666666,1
2012-05-16,Mumbai Indians,Kolkata Knight Riders,Wankhede Stadium,field,1,0.8,0.6,0.20000000000000007,0.8888888888888888,0.5263157894736842,0.0,0
2012-05-17,Punjab Kings,Chennai Super Kings,Himachal Pradesh Cricket Association Stadium,field,1,0.6,0.8,-0.20000000000000007,0.25,0.4,1.0,1
2012-05-17,Delhi Capitals,Royal Challengers Bengaluru,Feroz Shah Kotla,field,1,0.6,0.6,0.0,0.625,0.5,0.3333333333333333,0
2012-05-18,Sunrisers Hyderabad,Rajasthan Royals,Rajiv Gandhi International Cricket Stadium,bat,0,0.0,0.6,-0.6,0.125,0.0625,1.0,1
2012-05-19,Pune Warriors,Kolkata Knight Riders,Subrata Roy Sahara Stadium,bat,0,0.0,0.6,-0.6,0.0,0.2857142857142857,0.5,0
2012-05-19,Punjab Kings,Delhi Capitals,Himachal Pradesh Cricket Association Stadium,field,0,0.6,0.4,0.19999999999999996,0.5555555555555556,0.5,0.0,0
2012-05-20,Sunrisers Hyderabad,Royal Challengers Bengaluru,Rajiv Gandhi International Cricket Stadium,field,0,0.2,0.8,-0.6000000000000001,0.5,0.11764705882352941,0.5,1
2012-05-20,Rajasthan Royals,Mumbai Indians,Sawai Mansingh Stadium,bat,1,0.6,0.6,0.0,0.5,0.6666666666666666,0.3333333333333333,0
2012-05-22,Delhi Capitals,Kolkata Knight Riders,Subrata Roy Sahara Stadium,bat,0,0.6,0.6,0.0,0.5,1.0,1.0,0
2012-05-23,Chennai Super Kings,Mumbai Indians,M. Chinnaswamy Stadium,field,0,0.6,0.6,0.0,0.4,0.3333333333333333,1.0,1
2012-05-25,Delhi Capitals,Chennai Super Kings,MA Chidambaram Stadium,field,1,0.4,0.8,-0.4,0.4444444444444444,0.5,0.6896551724137931,0
2012-05-27,Kolkata Knight Riders,Chennai Super Kings,MA Chidambaram Stadium,bat,0,0.6,0.8,-0.20000000000000007,0.3333333333333333,0.25,0.7,1
2013-04-03,Kolkata Knight Riders,Delhi Capitals,Eden Gardens,field,1,0.8,0.4,0.4,0.5555555555555556,0.5714285714285714,0.3333333333333333,1
2013-04-04,Royal Challengers Bengaluru,Mumbai Indians,M. Chinnaswamy Stadium,field,0,0.6,0.6,0.0,0.45454545454545453,0.48148148148148145,0.8,1
2013-04-05,Sunrisers Hyderabad,Pune Warriors,Rajiv Gandhi International Cricket Stadium,field,0,0.4,0.0,0.4,0.75,0.16666666666666666,1.0,1
2013-04-06,Delhi Capitals,Rajasthan Royals,Feroz Shah Kotla,bat,0,0.2,0.4,-0.2,0.6,0.48148148148148145,0.0,0
2013-04-06,Chennai Super Kings,Mumbai Indians,MA Chidambaram Stadium,bat,0,0.6,0.4,0.19999999999999996,0.45454545454545453,0.6774193548387096,0.25,0
2013-04-07,Pune Warriors,Punjab Kings,Subrata Roy Sahara Stadium,bat,1,0.0,0.6,-0.6,0.75,0.25,0.0,0
2013-04-08,Rajasthan Royals,Kolkata Knight Riders,Sawai Mansingh Stadium,field,0,0.4,1.0,-0.6,0.4444444444444444,0.64,0.3333333333333333,1
2013-04-09,Royal Challengers Bengaluru,Sunrisers Hyderabad,M. Chinnaswamy Stadium,bat,0,0.6,0.6,0.0,0.45454545454545453,0.5,0.3333333333333333,1
2013-04-09,Mumbai Indians,Delhi Capitals,Wankhede Stadium,bat,1,0.4,0.2,0.2,0.5,0.5,0.3333333333333333,1
2013-04-10,Punjab Kings,Chennai Super Kings,Punjab Cricket Association IS Bindra Stadium,field,0,0.6,0.4,0.19999999999999996,0.3333333333333333,0.5454545454545454,0.5,0
2013-04-11,Royal Challengers Bengaluru,Kolkata Knight Riders,M. Chinnaswamy Stadium,field,1,0.6,0.8,-0.20000000000000007,0.5,0.5172413793103449,0.5,1
2013-04-11,Pune Warriors,Rajasthan Royals,Subrata Roy Sahara Stadium,bat,0,0.0,0.6,-0.6,0.0,0.2222222222222222,1.0,1
2013-04-12,Delhi Capitals,Sunrisers Hyderabad,Feroz Shah Kotla,bat,1,0.0,0.6,-0.6,0.6363636363636364,0.4642857142857143,0.5,0
2013-04-13,Chennai Super Kings,Royal Challengers Bengaluru,MA Chidambaram Stadium,field,1,0.6,0.8,-0.20000000000000007,0.5833333333333334,0.65625,0.3333333333333333,1
2013-04-13,Mumbai Indians,Pune Warriors,Wankhede Stadium,bat,1,0.6,0.2,0.39999999999999997,0.75,0.5238095238095238,0.5,1
2013-04-14,Kolkata Knight Riders,Sunrisers Hyderabad,Eden Gardens,bat,1,0.6,0.8,-0.20000000000000007,0.7777777777777778,0.5862068965517241,0.0,1
2013-04-14,Rajasthan Royals,Punjab Kings,Sawai Mansingh Stadium,field,1,0.4,0.4,0.0,0.6666666666666666,0.6538461538461539,0.0,1
2013-04-15,Chennai Super Kings,Pune Warriors,MA Chidambaram Stadium,bat,0,0.6,0.2,0.39999999999999997,0.75,0.6666666666666666,0.0,0
2013-04-16,Punjab Kings,Kolkata Knight Riders,Punjab Cricket Association IS Bindra Stadium,field,0,0.4,0.6,-0.19999999999999996,0.4444444444444444,0.5217391304347826,0.6666666666666666,1
2013-04-17,Pune Warriors,Sunrisers Hyderabad,Maharashtra Cricket Association Stadium,field,1,0.4,0.6,-0.19999999999999996,0.2,0.5,0.5,0
2013-04-17,Rajasthan Royals,Mumbai Indians,Sawai Mansingh Stadium,bat,1,0.6,0.6,0.0,0.4444444444444444,0.6666666666666666,0.5,1
2013-04-18,Delhi Capitals,Chennai Super Kings,Feroz Shah Kotla,bat,0,0.0,0.4,-0.4,0.4,0.4482758620689655,0.6666666666666666,0
2013-04-19,Sunrisers Hyderabad,Punjab Kings,Rajiv Gandhi International Cricket Stadium,bat,0,0.6,0.4,0.19999999999999996,0.3,0.21052631578947367,1.0,1
2013-04-20,Kolkata Knight Riders,Chennai Super Kings,Eden Gardens,bat,1,0.4,0.6,-0.19999999999999996,0.4,0.6,0.75,0
2013-04-20,Royal Challengers Bengaluru,Rajasthan Royals,M. Chinnaswamy Stadium,field,1,0.6,0.8,-0.20000000000000007,0.5555555555555556,0.5333333333333333,0.6666666666666666,1
2013-04-21,Delhi Capitals,Mumbai Indians,Feroz Shah Kotla,bat,0,0.0,0.6,-0.6,0.45454545454545453,0.43333333333333335,0.5,1
2013-04-21,Punjab Kings,Pune Warriors,Punjab Cricket Association IS Bindra Stadium,field,1,0.4,0.4,0.0,0.4,0.5416666666666666,0.5,1
2013-04-22,Chennai Super Kings,Rajasthan Royals,MA Chidambaram Stadium,bat,0,0.8,0.6,0.20000000000000007,0.6363636363636364,0.6470588235294118,0.25,1
2013-04-23,Delhi Capitals,Punjab Kings,Feroz Shah Kotla,field,0,0.2,0.4,-0.2,0.5,0.45161290322580644,0.5,0
2013-04-23,Royal Challengers Bengaluru,Pune Warriors,M. Chinnaswamy Stadium,field,0,0.8,0.4,0.4,1.0,0.5483870967741935,0.0,1
2013-04-24,Kolkata Knight Riders,Mumbai Indians,Eden Gardens,bat,1,0.2,0.6,-0.39999999999999997,0.2,0.5806451612903226,0.75,0
2013-04-25,Chennai Super Kings,Sunrisers Hyderabad,MA Chidambaram Stadium,bat,0,0.8,0.6,0.20000000000000007,0.6,0.6571428571428571,0.5,1
2013-04-26,Kolkata Knight Riders,Punjab Kings,Eden Gardens,bat,0,0.2,0.6,-0.39999999999999997,0.5,0.5625,0.5,1
2013-04-27,Rajasthan Royals,Sunrisers Hyderabad,Sawai Mansingh Stadium,bat,0,0.4,0.6,-0.19999999999999996,0.7777777777777778,0.6785714285714286,0.0,1
2013-04-27,Mumbai Indians,Royal Challengers Bengaluru,Wankhede Stadium,bat,1,0.6,0.8,-0.20000000000000007,0.5,0.5454545454545454,0.6666666666666666,1
2013-04-28,Chennai Super Kings,Kolkata Knight Riders,MA Chidambaram Stadium,field,0,0.8,0.4,0.4,0.6363636363636364,0.6666666666666666,0.4,1
2013-04-28,Delhi Capitals,Pune Warriors,Shaheed Veer Narayan Singh International Stadium,field,0,0.2,0.2,0.0,0.6666666666666666,0.5,0.5,1
2013-04-29,Rajasthan Royals,Royal Challengers Bengaluru,Sawai Mansingh Stadium,field,1,0.6,0.6,0.0,0.4,0.6896551724137931,0.75,1
2013-04-29,Mumbai Indians,Punjab Kings,Wankhede Stadium,bat,1,0.6,0.6,0.0,0.4,0.5652173913043478,0.5,1
2013-04-30,Pune Warriors,Chennai Super Kings,Subrata Roy Sahara Stadium,bat,0,0.2,1.0,-0.8,0.4,0.3,0.0,0
2013-05-01,Delhi Capitals,Kolkata Knight Riders,Shaheed Veer Narayan Singh International Stadium,bat,0,0.4,0.2,0.2,0.4,1.0,0.5,1
2013-05-01,Sunrisers Hyderabad,Mumbai Indians,Rajiv Gandhi International Cricket Stadium,bat,0,0.4,0.6,-0.19999999999999996,0.4,0.25,1.0,1
2013-05-02,Chennai Super Kings,Punjab Kings,MA Chidambaram Stadium,bat,1,1.0,0.4,0.6,0.7,0.6756756756756757,0.5,1
2013-05-02,Pune Warriors,Royal Challengers Bengaluru,Subrata Roy Sahara Stadium,bat,0,0.0,0.4,-0.4,0.0,0.2727272727272727,1.0,0
2013-05-03,Kolkata Knight Riders,Rajasthan Royals,Eden Gardens,bat,0,0.2,0.6,-0.39999999999999997,0.5,0.5757575757575758,0.25,1
2013-05-04,Sunrisers Hyderabad,Delhi Capitals,Rajiv Gandhi International Cricket Stadium,bat,0,0.6,0.6,0.0,0.4166666666666667,0.2857142857142857,1.0,1
2013-05-05,Mumbai Indians,Chennai Super Kings,Wankhede Stadium,bat,1,0.6,1.0,-0.4,0.5833333333333334,0.5833333333333334,0.4,1
2013-05-05,Rajasthan Royals,Pune Warriors,Sawai Mansingh Stadium,bat,0,0.4,0.0,0.4,0.75,0.7,0.0,1
2013-05-06,Punjab Kings,Royal Challengers Bengaluru,Punjab Cricket Association IS Bindra Stadium,field,1,0.4,0.6,-0.19999999999999996,0.5,0.56,0.6666666666666666,1
2013-05-07,Mumbai Indians,Kolkata Knight Riders,Wankhede Stadium,bat,1,0.8,0.4,0.4,0.8181818181818182,0.6,0.3333333333333333,1
2013-05-07,Rajasthan Royals,Delhi Capitals,Sawai Mansingh Stadium,bat,0,0.6,0.6,0.0,0.45454545454545453,0.7096774193548387,0.3333333333333333,1
2013-05-08,Sunrisers Hyderabad,Chennai Super Kings,Rajiv Gandhi International Cricket Stadium,field,1,0.6,0.8,-0.20000000000000007,0.36363636363636365,0.3181818181818182,1.0,0
2013-05-09,Punjab Kings,Rajasthan Royals,Punjab Cricket Association IS Bindra Stadium,field,0,0.4,0.8,-0.4,0.3,0.5769230769230769,0.5,0
2013-05-09,Pune Warriors,Kolkata Knight Riders,Subrata Roy Sahara Stadium,bat,0,0.0,0.4,-0.4,0.0,0.25,1.0,0
2013-05-10,Delhi Capitals,Royal Challengers Bengaluru,Feroz Shah Kotla,field,1,0.4,0.4,0.0,0.5555555555555556,0.4375,0.5,0
2013-05-11,Pune Warriors,Mumbai Indians,Subrata Roy Sahara Stadium,bat,1,0.0,0.8,-0.8,0.2,0.23076923076923078,1.0,0
2013-05-11,Punjab Kings,Sunrisers Hyderabad,Punjab Cricket Association IS Bindra Stadium,field,1,0.2,0.4,-0.2,0.6363636363636364,0.5555555555555556,0.0,0
2013-05-12,Kolkata Knight Riders,Royal Challengers Bengaluru,JSCA International Stadium Complex,field,1,0.4,0.4,0.0,0.45454545454545453,0.5,0.5,1
2013-05-12,Rajasthan Royals,Chennai Super Kings,Sawai Mansingh Stadium,field,1,0.8,0.8,0.0,0.3333333333333333,0.71875,0.6666666666666666,1
2013-05-13,Mumbai Indians,Sunrisers Hyderabad,Wankhede Stadium,bat,0,0.8,0.6,0.20000000000000007,0.5454545454545454,0.6153846153846154,0.5,1
2013-05-14,Royal Challengers Bengaluru,Punjab Kings,M. Chinnaswamy Stadium,field,0,0.4,0.2,0.2,0.45454545454545453,0.5625,0.5,0
2013-05-14,Chennai Super Kings,Delhi Capitals,MA Chidambaram Stadium,bat,1,0.6,0.4,0.19999999999999996,0.6363636363636364,0.6842105263157895,0.4,1
2013-05-15,Mumbai Indians,Rajasthan Royals,Wankhede Stadium,field,0,0.8,0.8,0.0,0.5,0.6296296296296297,0.6666666666666666,1
2013-05-15,Kolkata Knight Riders,Pune Warriors,JSCA International Stadium Complex,field,1,0.6,0.0,0.6,1.0,1.0,0.5,0
2013-05-16,Punjab Kings,Delhi Capitals,Himachal Pradesh Cricket Association Stadium,field,0,0.4,0.2,0.2,0.5454545454545454,0.42857142857142855,0.5,1
2013-05-17,Sunrisers Hyderabad,Rajasthan Royals,Rajiv Gandhi International Cricket Stadium,bat,1,0.6,0.8,-0.20000000000000007,0.2,0.30434782608695654,0.6666666666666666,1
2013-05-18,Punjab Kings,Mumbai Indians,Himachal Pradesh Cricket Association Stadium,field,0,0.6,1.0,-0.4,0.5454545454545454,0.5,0.5,1
2013-05-18,Royal Challengers Bengaluru,Chennai Super Kings,M. Chinnaswamy Stadium,field,0,0.4,0.6,-0.19999999999999996,0.38461538461538464,0.5454545454545454,0.5,1
2013-05-19,Pune Warriors,Delhi Capitals,Subrata Roy Sahara Stadium,bat,1,0.2,0.0,0.2,0.25,0.21428571428571427,0.5,1
2013-05-19,Sunrisers Hyderabad,Kolkata Knight Riders,Rajiv Gandhi International Cricket Stadium,bat,0,0.6,0.6,0.0,0.2,0.3333333333333333,1.0,1
2013-05-21,Chennai Super Kings,Mumbai Indians,Feroz Shah Kotla,bat,1,0.4,0.8,-0.4,0.38461538461538464,0.75,0.4,1
2013-05-22,Rajasthan Royals,Sunrisers Hyderabad,Feroz Shah Kotla,bat,0,0.6,0.6,0.0,0.7272727272727273,0.25,0.6,1
2013-05-24,Mumbai Indians,Rajasthan Royals,Eden Gardens,bat,0,0.6,0.6,0.0,0.5454545454545454,0.8,0.2,1
2013-05-26,Chennai Super Kings,Mumbai Indians,Eden Gardens,bat,0,0.6,0.6,0.0,0.42857142857142855,0.8,0.8333333333333334,0
2014-04-16,Mumbai Indians,Kolkata Knight Riders,Sheikh Zayed Stadium,bat,0,0.6,0.4,0.19999999999999996,0.8333333333333334,0.5,0.5,0
2014-04-17,Delhi Capitals,Royal Challengers Bengaluru,Sharjah Cricket Stadium,field,0,0.0,0.4,-0.4,0.5,0.5,0.5,0
2014-04-18,Sunrisers Hyderabad,Rajasthan Royals,Sheikh Zayed Stadium,field,0,0.6,0.4,0.19999999999999996,0.25,0.5,0.5,0
2014-04-18,Chennai Super Kings,Punjab Kings,Sheikh Zayed Stadium,bat,1,0.4,0.6,-0.19999999999999996,0.7272727272727273,0.5,0.5,0
2014-04-19,Royal Challengers Bengaluru,Mumbai Indians,Dubai International Cricket Stadium,field,1,0.6,0.4,0.19999999999999996,0.46153846153846156,0.5,0.5,1
2014-04-19,Kolkata Knight Riders,Delhi Capitals,Dubai International Cricket Stadium,bat,1,0.6,0.0,0.6,0.5454545454545454,0.5,0.5,0
2014-04-20,Rajasthan Royals,Punjab Kings,Sharjah Cricket Stadium,field,0,0.4,0.8,-0.4,0.7272727272727273,0.5,0.5,0
2014-04-21,Chennai Super Kings,Delhi Capitals,Sheikh Zayed Stadium,bat,1,0.4,0.2,0.2,0.6666666666666666,0.0,0.5,1
2014-04-22,Punjab Kings,Sunrisers Hyderabad,Sharjah Cricket Stadium,field,0,1.0,0.4,0.6,0.5833333333333334,1.0,0.5,1
2014-04-23,Rajasthan Royals,Chennai Super Kings,Dubai International Cricket Stadium,field,1,0.4,0.4,0.0,0.38461538461538464,0.5,0.5,0
2014-04-24,Royal Challengers Bengaluru,Kolkata Knight Riders,Sharjah Cricket Stadium,field,1,0.6,0.4,0.19999999999999996,0.5,1.0,0.5,0
2014-04-25,Sunrisers Hyderabad,Delhi Capitals,Dubai International Cricket Stadium,bat,1,0.4,0.2,0.2,0.46153846153846156,0.5,1.0,1
2014-04-25,Chennai Super Kings,Mumbai Indians,Dubai International Cricket Stadium,bat,0,0.6,0.4,0.19999999999999996,0.4,1.0,0.0,1
2014-04-26,Rajasthan Royals,Royal Challengers Bengaluru,Sheikh Zayed Stadium,field,1,0.4,0.6,-0.19999999999999996,0.45454545454545453,1.0,0.5,1
2014-04-26,Kolkata Knight Riders,Punjab Kings,Sheikh Zayed Stadium,field,1,0.4,1.0,-0.6,0.5454545454545454,1.0,1.0,0
2014-04-27,Sunrisers Hyderabad,Chennai Super Kings,Sharjah Cricket Stadium,bat,1,0.4,0.6,-0.19999999999999996,0.3333333333333333,0.0,0.5,0
2014-04-27,Delhi Capitals,Mumbai Indians,Sharjah Cricket Stadium,bat,0,0.2,0.4,-0.2,0.5,0.0,0.5,1
2014-04-28,Punjab Kings,Royal Challengers Bengaluru,Dubai International Cricket Stadium,field,1,1.0,0.6,0.4,0.5833333333333334,0.5,1.0,1
2014-04-30,Mumbai Indians,Sunrisers Hyderabad,Dubai International Cricket Stadium,field,1,0.2,0.2,0.0,0.5833333333333334,0.0,1.0,0
2014-05-02,Chennai Super Kings,Kolkata Knight Riders,JSCA International Stadium Complex,bat,1,0.8,0.4,0.4,0.6666666666666666,0.5,0.5,1
2014-05-03,Delhi Capitals,Rajasthan Royals,Feroz Shah Kotla,field,0,0.4,0.4,0.0,0.5,0.42424242424242425,0.4,0
2014-05-03,Mumbai Indians,Punjab Kings,Wankhede Stadium,bat,0,0.0,1.0,-1.0,0.4166666666666667,0.6428571428571429,0.4,1
2014-05-04,Royal Challengers Bengaluru,Sunrisers Hyderabad,M. Chinnaswamy Stadium,field,1,0.4,0.4,0.0,0.5,0.5588235294117647,0.25,1
2014-05-05,Rajasthan Royals,Kolkata Knight Riders,"Sardar Patel Stadium, Motera",field,0,0.6,0.4,0.19999999999999996,0.45454545454545453,0.75,0.0,1
2014-05-05,Delhi Capitals,Chennai Super Kings,Feroz Shah Kotla,field,0,0.4,1.0,-0.6,0.3076923076923077,0.4117647058823529,0.8,0
2014-05-06,Mumbai Indians,Royal Challengers Bengaluru,Wankhede Stadium,field,0,0.2,0.4,-0.2,0.5,0.6551724137931034,0.5,1
2014-05-07,Delhi Capitals,Kolkata Knight Riders,Feroz Shah Kotla,bat,1,0.2,0.2,0.0,0.5,0.4,0.6666666666666666,0
2014-05-07,Punjab Kings,Chennai Super Kings,Barabati Stadium,field,0,0.8,1.0,-0.19999999999999996,0.3333333333333333,0.0,0.5,1
2014-05-08,Rajasthan Royals,Sunrisers Hyderabad,"Sardar Patel Stadium, Motera",field,1,0.6,0.4,0.19999999999999996,0.7692307692307693,0.8,0.0,0
2014-05-09,Royal Challengers Bengaluru,Punjab Kings,M. Chinnaswamy Stadium,field,1,0.2,0.8,-0.6000000000000001,0.38461538461538464,0.5714285714285714,0.6,0
2014-05-10,Delhi Capitals,Sunrisers Hyderabad,Feroz Shah Kotla,field,0,0.2,0.6,-0.39999999999999997,0.5,0.3888888888888889,0.5,0
2014-05-10,Mumbai Indians,Chennai Super Kings,Wankhede Stadium,field,0,0.4,0.8,-0.4,0.5625,0.6666666666666666,0.3333333333333333,0
2014-05-11,Royal Challengers Bengaluru,Rajasthan Royals,M. Chinnaswamy Stadium,bat,1,0.2,0.6,-0.39999999999999997,0.5,0.5555555555555556,0.5,0
2014-05-11,Punjab Kings,Kolkata Knight Riders,Barabati Stadium,field,0,0.8,0.4,0.4,0.5,0.5,1.0,0
2014-05-12,Sunrisers Hyderabad,Mumbai Indians,Rajiv Gandhi International Cricket Stadium,bat,1,0.6,0.4,0.19999999999999996,0.46153846153846156,0.36,0.6666666666666666,0
2014-05-13,Royal Challengers Bengaluru,Delhi Capitals,M. Chinnaswamy Stadium,field,0,0.2,0.2,0.0,0.5454545454545454,0.5405405405405406,0.6666666666666666,1
2014-05-13,Chennai Super Kings,Rajasthan Royals,JSCA International Stadium Complex,bat,0,0.8,0.8,0.0,0.6428571428571429,1.0,0.5,1
2014-05-14,Kolkata Knight Riders,Mumbai Indians,Barabati Stadium,field,1,0.4,0.6,-0.19999999999999996,0.23076923076923078,1.0,0.5,1
2014-05-14,Sunrisers Hyderabad,Punjab Kings,Rajiv Gandhi International Cricket Stadium,field,0,0.6,0.6,0.0,0.38461538461538464,0.34615384615384615,0.75,0
2014-05-15,Rajasthan Royals,Delhi Capitals,"Sardar Patel Stadium, Motera",field,0,0.6,0.0,0.6,0.5384615384615384,0.6666666666666666,1.0,1
2014-05-18,Chennai Super Kings,Royal Challengers Bengaluru,JSCA International Stadium Complex,bat,1,0.8,0.4,0.4,0.5714285714285714,1.0,0.0,0
2014-05-18,Sunrisers Hyderabad,Kolkata Knight Riders,Rajiv Gandhi International Cricket Stadium,bat,1,0.4,0.6,-0.19999999999999996,0.2727272727272727,0.3333333333333333,0.6666666666666666,0
2014-05-19,Rajasthan Royals,Mumbai Indians,"Sardar Patel Stadium, Motera",bat,0,0.6,0.6,0.0,0.4166666666666667,0.7142857142857143,0.5,0
2014-05-19,Delhi Capitals,Punjab Kings,Feroz Shah Kotla,field,0,0.0,0.6,-0.6,0.4166666666666667,0.3783783783783784,0.6,0
2014-05-20,Kolkata Knight Riders,Chennai Super Kings,Eden Gardens,field,1,0.8,0.6,0.20000000000000007,0.3076923076923077,0.5882352941176471,0.6666666666666666,1
2014-05-20,Sunrisers Hyderabad,Royal Challengers Bengaluru,Rajiv Gandhi International Cricket Stadium,bat,0,0.4,0.4,0.0,0.46153846153846156,0.32142857142857145,0.3333333333333333,1
2014-05-21,Punjab Kings,Mumbai Indians,Punjab Cricket Association IS Bindra Stadium,field,0,0.8,0.6,0.20000000000000007,0.5384615384615384,0.5357142857142857,0.25,0
2014-05-22,Kolkata Knight Riders,Royal Challengers Bengaluru,Eden Gardens,field,0,1.0,0.4,0.6,0.5384615384615384,0.6,0.25,1
2014-05-22,Chennai Super Kings,Sunrisers Hyderabad,JSCA International Stadium Complex,field,0,0.4,0.4,0.0,0.6923076923076923,0.6666666666666666,0.5,0
2014-05-23,Mumbai Indians,Delhi Capitals,Wankhede Stadium,field,0,0.6,0.0,0.6,0.46153846153846156,0.6451612903225806,0.25,1
2014-05-23,Punjab Kings,Rajasthan Royals,Punjab Cricket Association IS Bindra Stadium,field,0,0.6,0.4,0.19999999999999996,0.3333333333333333,0.5172413793103449,0.6,1
2014-05-24,Royal Challengers Bengaluru,Chennai Super Kings,M. Chinnaswamy Stadium,field,0,0.4,0.4,0.0,0.4666666666666667,0.5526315789473685,0.4,0
2014-05-24,Kolkata Knight Riders,Sunrisers Hyderabad,Eden Gardens,field,1,1.0,0.4,0.6,0.75,0.6111111111111112,0.0,1
2014-05-25,Mumbai Indians,Rajasthan Royals,Wankhede Stadium,field,1,0.8,0.4,0.4,0.6153846153846154,0.65625,0.5,1
2014-05-25,Punjab Kings,Delhi Capitals,Punjab Cricket Association IS Bindra Stadium,field,1,0.6,0.0,0.6,0.6153846153846154,0.5333333333333333,0.5,1
2014-05-27,Punjab Kings,Kolkata Knight Riders,Eden Gardens,field,1,0.8,1.0,-0.19999999999999996,0.46153846153846156,0.4,0.6216216216216216,0
2014-05-28,Chennai Super Kings,Mumbai Indians,Brabourne Stadium,field,1,0.4,0.8,-0.4,0.47058823529411764,0.5,0.8333333333333334,1
2014-05-30,Chennai Super Kings,Punjab Kings,Wankhede Stadium,field,1,0.4,0.6,-0.19999999999999996,0.6153846153846154,0.42857142857142855,0.3333333333333333,0
2014-06-01,Kolkata Knight Riders,Punjab Kings,M. Chinnaswamy Stadium,field,1,1.0,0.6,0.4,0.5714285714285714,0.4,0.6666666666666666,1
2015-04-08,Kolkata Knight Riders,Mumbai Indians,Eden Gardens,field,1,1.0,0.8,0.19999999999999996,0.2857142857142857,0.631578947368421,0.8571428571428571,1
2015-04-09,Chennai Super Kings,Delhi Capitals,MA Chidambaram Stadium,field,0,0.4,0.0,0.4,0.7142857142857143,0.6923076923076923,0.3333333333333333,1
2015-04-10,Punjab Kings,Rajasthan Royals,Maharashtra Cricket Association Stadium,field,1,0.6,0.2,0.39999999999999997,0.38461538461538464,0.5,0.5,0
2015-04-11,Kolkata Knight Riders,Royal Challengers Bengaluru,Eden Gardens,field,0,1.0,0.4,0.6,0.5714285714285714,0.6410256410256411,0.2,0
2015-04-11,Chennai Super Kings,Sunrisers Hyderabad,MA Chidambaram Stadium,bat,1,0.6,0.4,0.19999999999999996,0.6428571428571429,0.7,0.4,1
2015-04-12,Delhi Capitals,Rajasthan Royals,Feroz Shah Kotla,field,0,0.0,0.4,-0.4,0.42857142857142855,0.3684210526315789,0.5,0
2015-04-12,Mumbai Indians,Punjab Kings,Wankhede Stadium,field,1,0.6,0.4,0.19999999999999996,0.5,0.6666666666666666,0.42857142857142855,0
2015-04-13,Royal Challengers Bengaluru,Sunrisers Hyderabad,M. Chinnaswamy Stadium,field,0,0.4,0.4,0.0,0.5,0.5384615384615384,0.2,0
2015-04-14,Rajasthan Royals,Mumbai Indians,"Sardar Patel Stadium, Motera",bat,0,0.4,0.4,0.0,0.35714285714285715,0.625,1.0,1
2015-04-15,Punjab Kings,Delhi Capitals,Maharashtra Cricket Association Stadium,bat,1,0.4,0.0,0.4,0.6428571428571429,0.0,0.5,0
2015-04-16,Sunrisers Hyderabad,Rajasthan Royals,Dr. Y.S. Rajasekhara Reddy ACA-VDCA Cricket Stadium,field,0,0.6,0.6,0.0,0.2857142857142857,0.0,0.5,0
2015-04-17,Mumbai Indians,Chennai Super Kings,Wankhede Stadium,bat,1,0.2,0.8,-0.6000000000000001,0.5,0.6470588235294118,0.375,0
2015-04-18,Punjab Kings,Kolkata Knight Riders,Maharashtra Cricket Association Stadium,field,0,0.4,0.8,-0.4,0.4,0.0,0.5,0
2015-04-18,Sunrisers Hyderabad,Delhi Capitals,Dr. Y.S. Rajasekhara Reddy ACA-VDCA Cricket Stadium,bat,0,0.4,0.2,0.2,0.5333333333333333,0.0,0.5,0
2015-04-19,Rajasthan Royals,Chennai Super Kings,"Sardar Patel Stadium, Motera",bat,0,0.8,0.8,0.0,0.3333333333333333,0.6666666666666666,0.0,1
2015-04-19,Royal Challengers Bengaluru,Mumbai Indians,M. Chinnaswamy Stadium,field,1,0.2,0.0,0.2,0.4666666666666667,0.525,0.6666666666666666,0
2015-04-20,Delhi Capitals,Kolkata Knight Riders,Feroz Shah Kotla,field,0,0.4,0.8,-0.4,0.46153846153846156,0.358974358974359,0.75,0
2015-04-22,Sunrisers Hyderabad,Kolkata Knight Riders,Dr. Y.S. Rajasekhara Reddy ACA-VDCA Cricket Stadium,field,0,0.2,0.8,-0.6000000000000001,0.23076923076923078,0.0,0.5,1
2015-04-22,Royal Challengers Bengaluru,Chennai Super Kings,M. Chinnaswamy Stadium,field,1,0.2,0.6,-0.39999999999999997,0.4375,0.5121951219512195,0.5,0
2015-04-23,Delhi Capitals,Mumbai Indians,Feroz Shah Kotla,field,0,0.4,0.2,0.2,0.5,0.35,0.3333333333333333,1
2015-04-24,Rajasthan Royals,Royal Challengers Bengaluru,"Sardar Patel Stadium, Motera",field,0,1.0,0.2,0.8,0.5384615384615384,0.7,0.5,0
2015-04-25,Chennai Super Kings,Punjab Kings,MA Chidambaram Stadium,bat,1,0.8,0.2,0.6000000000000001,0.5714285714285714,0.7073170731707317,0.3333333333333333,1
2015-04-25,Mumbai Indians,Sunrisers Hyderabad,Wankhede Stadium,bat,1,0.2,0.4,-0.2,0.5714285714285714,0.6285714285714286,0.3333333333333333,1
2015-04-26,Delhi Capitals,Royal Challengers Bengaluru,Feroz Shah Kotla,field,0,0.6,0.4,0.19999999999999996,0.4166666666666667,0.36585365853658536,0.6,0
2015-04-27,Punjab Kings,Sunrisers Hyderabad,Punjab Cricket Association IS Bindra Stadium,field,1,0.2,0.4,-0.2,0.6428571428571429,0.5483870967741935,0.3333333333333333,0
2015-04-28,Chennai Super Kings,Kolkata Knight Riders,MA Chidambaram Stadium,field,0,0.8,0.6,0.20000000000000007,0.6428571428571429,0.7142857142857143,0.3333333333333333,1
2015-04-30,Kolkata Knight Riders,Chennai Super Kings,Eden Gardens,field,1,0.4,0.8,-0.4,0.3333333333333333,0.625,0.5714285714285714,1
2015-05-01,Mumbai Indians,Rajasthan Royals,Wankhede Stadium,field,0,0.4,0.8,-0.4,0.6,0.6388888888888888,0.4,1
2015-05-01,Delhi Capitals,Punjab Kings,Feroz Shah Kotla,field,1,0.6,0.2,0.39999999999999997,0.4,0.35714285714285715,0.6666666666666666,1
2015-05-02,Sunrisers Hyderabad,Chennai Super Kings,Rajiv Gandhi International Cricket Stadium,field,0,0.4,0.6,-0.19999999999999996,0.3333333333333333,0.3448275862068966,1.0,1
2015-05-02,Royal Challengers Bengaluru,Kolkata Knight Riders,M. Chinnaswamy Stadium,field,1,0.4,0.6,-0.19999999999999996,0.4666666666666667,0.5,0.5,1
2015-05-03,Punjab Kings,Mumbai Indians,Punjab Cricket Association IS Bindra Stadium,bat,0,0.0,0.6,-0.6,0.5333333333333333,0.53125,0.4,0
2015-05-03,Rajasthan Royals,Delhi Capitals,Brabourne Stadium,field,0,0.6,0.6,0.0,0.6,0.0,0.0,1
2015-05-04,Chennai Super Kings,Royal Challengers Bengaluru,MA Chidambaram Stadium,bat,1,0.6,0.6,0.0,0.5882352941176471,0.7209302325581395,0.2857142857142857,1
2015-05-04,Kolkata Knight Riders,Sunrisers Hyderabad,Eden Gardens,field,0,0.4,0.6,-0.19999999999999996,0.7142857142857143,0.6341463414634146,0.0,1
2015-05-05,Mumbai Indians,Delhi Capitals,Wankhede Stadium,bat,0,0.8,0.4,0.4,0.4666666666666667,0.6486486486486487,0.2,1
2015-05-06,Royal Challengers Bengaluru,Punjab Kings,M. Chinnaswamy Stadium,field,0,0.6,0.0,0.6,0.35714285714285715,0.5116279069767442,0.5714285714285714,1
2015-05-07,Rajasthan Royals,Sunrisers Hyderabad,Brabourne Stadium,field,1,0.6,0.6,0.0,0.7333333333333333,0.5,0.0,0
2015-05-07,Kolkata Knight Riders,Delhi Capitals,Eden Gardens,bat,1,0.4,0.4,0.0,0.5714285714285714,0.6428571428571429,0.25,1
2015-05-08,Chennai Super Kings,Mumbai Indians,MA Chidambaram Stadium,bat,1,0.6,0.8,-0.20000000000000007,0.5263157894736842,0.7272727272727273,0.4,0
2015-05-09,Delhi Capitals,Sunrisers Hyderabad,Shaheed Veer Narayan Singh International Stadium,bat,0,0.2,0.6,-0.39999999999999997,0.5,1.0,0.5,0
2015-05-09,Kolkata Knight Riders,Punjab Kings,Eden Gardens,bat,0,0.6,0.0,0.6,0.625,0.6511627906976745,0.3333333333333333,1
2015-05-10,Mumbai Indians,Royal Challengers Bengaluru,Wankhede Stadium,bat,0,1.0,0.8,0.19999999999999996,0.5625,0.6578947368421053,0.4,0
2015-05-10,Chennai Super Kings,Rajasthan Royals,MA Chidambaram Stadium,bat,1,0.4,0.4,0.0,0.625,0.7111111111111111,0.2,1
2015-05-11,Sunrisers Hyderabad,Punjab Kings,Rajiv Gandhi International Cricket Stadium,bat,1,0.8,0.0,0.8,0.4,0.36666666666666664,0.8,1
2015-05-12,Delhi Capitals,Chennai Super Kings,Shaheed Veer Narayan Singh International Stadium,bat,0,0.2,0.4,-0.2,0.26666666666666666,0.6666666666666666,0.5,1
2015-05-13,Punjab Kings,Royal Challengers Bengaluru,Punjab Cricket Association IS Bindra Stadium,field,0,0.0,0.8,-0.8,0.6,0.5151515151515151,0.5,1
2015-05-14,Mumbai Indians,Kolkata Knight Riders,Wankhede Stadium,field,0,0.8,0.8,0.0,0.6666666666666666,0.6410256410256411,0.25,1
2015-05-15,Sunrisers Hyderabad,Royal Challengers Bengaluru,Rajiv Gandhi International Cricket Stadium,bat,1,0.8,0.6,0.20000000000000007,0.5333333333333333,0.3870967741935484,0.25,0
2015-05-16,Punjab Kings,Chennai Super Kings,Punjab Cricket Association IS Bindra Stadium,bat,1,0.2,0.4,-0.2,0.4,0.5294117647058824,0.6666666666666666,0
2015-05-16,Rajasthan Royals,Kolkata Knight Riders,Brabourne Stadium,bat,1,0.2,0.6,-0.39999999999999997,0.5,0.3333333333333333,0.0,1
2015-05-17,Sunrisers Hyderabad,Mumbai Indians,Rajiv Gandhi International Cricket Stadium,bat,1,0.6,0.8,-0.20000000000000007,0.4,0.375,0.75,0
2015-05-19,Chennai Super Kings,Mumbai Indians,Wankhede Stadium,bat,0,0.6,0.8,-0.20000000000000007,0.5,0.4444444444444444,0.65,0
2015-05-20,Royal Challengers Bengaluru,Rajasthan Royals,Maharashtra Cricket Association Stadium,bat,1,0.6,0.4,0.19999999999999996,0.5,0.5,1.0,1
2015-05-22,Chennai Super Kings,Royal Challengers Bengaluru,JSCA International Stadium Complex,field,1,0.4,0.8,-0.4,0.6111111111111112,0.5,0.5,1
2015-05-24,Mumbai Indians,Chennai Super Kings,Eden Gardens,field,0,0.8,0.6,0.20000000000000007,0.5238095238095238,0.75,0.5,1
2016-04-09,Mumbai Indians,Rising Pune Supergiants,Wankhede Stadium,bat,1,0.8,0.5,0.30000000000000004,0.5,0.6585365853658537,0.5,0
2016-04-10,Kolkata Knight Riders,Delhi Capitals,Eden Gardens,field,1,0.6,0.2,0.39999999999999997,0.6,0.6590909090909091,0.2,1
2016-04-11,Punjab Kings,Gujarat Lions,Punjab Cricket Association IS Bindra Stadium,field,0,0.2,0.5,-0.3,0.5,0.5142857142857142,0.5,0
2016-04-12,Royal Challengers Bengaluru,Sunrisers Hyderabad,M. Chinnaswamy Stadium,field,0,0.6,0.6,0.0,0.5,0.5227272727272727,0.3333333333333333,1
2016-04-13,Kolkata Knight Riders,Mumbai Indians,Eden Gardens,field,0,0.6,0.8,-0.20000000000000007,0.3125,0.6666666666666666,0.7777777777777778,0
2016-04-14,Gujarat Lions,Rising Pune Supergiants,Saurashtra Cricket Association Stadium,bat,0,1.0,1.0,0.0,0.5,0.5,0.5,1
2016-04-15,Delhi Capitals,Punjab Kings,Feroz Shah Kotla,field,1,0.2,0.2,0.0,0.4375,0.37209302325581395,0.5714285714285714,1
2016-04-16,Sunrisers Hyderabad,Kolkata Knight Riders,Rajiv Gandhi International Cricket Stadium,bat,1,0.4,0.4,0.0,0.26666666666666666,0.36363636363636365,0.75,0
2016-04-16,Mumbai Indians,Gujarat Lions,Wankhede Stadium,field,0,0.8,1.0,-0.19999999999999996,0.5,0.6428571428571429,0.5,0
2016-04-17,Royal Challengers Bengaluru,Delhi Capitals,M. Chinnaswamy Stadium,field,0,0.6,0.4,0.19999999999999996,0.6153846153846154,0.5333333333333333,0.5,0
2016-04-17,Punjab Kings,Rising Pune Supergiants,Punjab Cricket Association IS Bindra Stadium,bat,0,0.2,0.5,-0.3,0.5,0.5,0.5,1
2016-04-18,Sunrisers Hyderabad,Mumbai Indians,Rajiv Gandhi International Cricket Stadium,field,1,0.2,0.6,-0.39999999999999997,0.375,0.35294117647058826,0.8,1
2016-04-19,Punjab Kings,Kolkata Knight Riders,Punjab Cricket Association IS Bindra Stadium,field,0,0.4,0.4,0.0,0.35294117647058826,0.5135135135135135,0.5,0
2016-04-20,Mumbai Indians,Royal Challengers Bengaluru,Wankhede Stadium,field,1,0.4,0.6,-0.19999999999999996,0.5294117647058824,0.627906976744186,0.5,1
2016-04-21,Gujarat Lions,Sunrisers Hyderabad,Saurashtra Cricket Association Stadium,field,0,1.0,0.2,0.8,0.5,1.0,0.5,0
2016-04-22,Rising Pune Supergiants,Royal Challengers Bengaluru,Maharashtra Cricket Association Stadium,field,1,0.3333333333333333,0.4,-0.06666666666666671,0.5,0.5,1.0,0
2016-04-23,Delhi Capitals,Mumbai Indians,Feroz Shah Kotla,field,0,0.6,0.4,0.19999999999999996,0.5,0.38636363636363635,0.2857142857142857,1
2016-04-23,Sunrisers Hyderabad,Punjab Kings,Rajiv Gandhi International Cricket Stadium,field,1,0.4,0.2,0.2,0.4375,0.37142857142857144,0.6666666666666666,1
2016-04-24,Gujarat Lions,Royal Challengers Bengaluru,Saurashtra Cricket Association Stadium,bat,0,0.75,0.4,0.35,0.5,0.5,0.5,1
2016-04-24,Rising Pune Supergiants,Kolkata Knight Riders,Maharashtra Cricket Association Stadium,field,0,0.25,0.6,-0.35,0.5,0.0,1.0,0
2016-04-25,Punjab Kings,Mumbai Indians,Punjab Cricket Association IS Bindra Stadium,field,1,0.2,0.4,-0.2,0.5,0.5,0.5,0
2016-04-26,Sunrisers Hyderabad,Rising Pune Supergiants,Rajiv Gandhi International Cricket Stadium,field,0,0.6,0.2,0.39999999999999997,0.5,0.3888888888888889,0.5,0
2016-04-27,Delhi Capitals,Gujarat Lions,Feroz Shah Kotla,field,1,0.8,0.8,0.0,0.5,0.4,0.5,0
2016-04-28,Mumbai Indians,Kolkata Knight Riders,Wankhede Stadium,field,1,0.4,0.8,-0.4,0.7058823529411765,0.6363636363636364,0.2,1
2016-04-29,Rising Pune Supergiants,Gujarat Lions,Maharashtra Cricket Association Stadium,field,0,0.2,0.8,-0.6000000000000001,0.0,0.0,0.5,0
2016-04-30,Delhi Capitals,Kolkata Knight Riders,Feroz Shah Kotla,field,0,0.6,0.6,0.0,0.375,0.391304347826087,0.8,1
2016-04-30,Sunrisers Hyderabad,Royal Challengers Bengaluru,Rajiv Gandhi International Cricket Stadium,field,0,0.6,0.4,0.19999999999999996,0.47058823529411764,0.3783783783783784,0.4,1
2016-05-01,Rising Pune Supergiants,Mumbai Indians,Maharashtra Cricket Association Stadium,field,0,0.2,0.6,-0.39999999999999997,1.0,0.0,0.5,0
2016-05-01,Gujarat Lions,Punjab Kings,Saurashtra Cricket Association Stadium,field,1,0.8,0.2,0.6000000000000001,1.0,0.6666666666666666,0.5,0
2016-05-02,Royal Challengers Bengaluru,Kolkata Knight Riders,M. Chinnaswamy Stadium,field,0,0.2,0.6,-0.39999999999999997,0.5,0.5217391304347826,0.42857142857142855,0
2016-05-03,Gujarat Lions,Delhi Capitals,Saurashtra Cricket Association Stadium,field,0,0.6,0.8,-0.20000000000000007,1.0,0.5,0.5,0
2016-05-04,Kolkata Knight Riders,Punjab Kings,Eden Gardens,field,0,0.6,0.4,0.19999999999999996,0.6666666666666666,0.6521739130434783,0.2857142857142857,1
2016-05-05,Delhi Capitals,Rising Pune Supergiants,Feroz Shah Kotla,field,0,0.8,0.2,0.6000000000000001,0.5,0.40425531914893614,0.5,0
2016-05-06,Sunrisers Hyderabad,Gujarat Lions,Rajiv Gandhi International Cricket Stadium,field,1,0.8,0.6,0.20000000000000007,1.0,0.39473684210526316,0.5,1
2016-05-07,Royal Challengers Bengaluru,Rising Pune Supergiants,M. Chinnaswamy Stadium,field,1,0.2,0.4,-0.2,1.0,0.5106382978723404,0.5,1
2016-05-07,Punjab Kings,Delhi Capitals,Punjab Cricket Association IS Bindra Stadium,field,0,0.2,0.6,-0.39999999999999997,0.5294117647058824,0.48717948717948717,0.3333333333333333,1
2016-05-08,Mumbai Indians,Sunrisers Hyderabad,Dr. Y.S. Rajasekhara Reddy ACA-VDCA Cricket Stadium,field,1,0.8,0.8,0.0,0.5882352941176471,1.0,0.2,0
2016-05-08,Kolkata Knight Riders,Gujarat Lions,Eden Gardens,field,0,0.6,0.4,0.19999999999999996,0.5,0.6595744680851063,0.5,0
2016-05-09,Punjab Kings,Royal Challengers Bengaluru,Punjab Cricket Association IS Bindra Stadium,field,1,0.4,0.4,0.0,0.625,0.5,0.4,0
2016-05-10,Rising Pune Supergiants,Sunrisers Hyderabad,Dr. Y.S. Rajasekhara Reddy ACA-VDCA Cricket Stadium,bat,0,0.4,0.8,-0.4,1.0,0.5,0.3333333333333333,0
2016-05-11,Royal Challengers Bengaluru,Mumbai Indians,M. Chinnaswamy Stadium,field,0,0.4,0.6,-0.19999999999999996,0.4444444444444444,0.5208333333333334,0.7142857142857143,0
2016-05-12,Sunrisers Hyderabad,Delhi Capitals,Rajiv Gandhi International Cricket Stadium,field,0,0.8,0.4,0.4,0.5294117647058824,0.41025641025641024,0.75,0
2016-05-13,Mumbai Indians,Punjab Kings,Dr. Y.S. Rajasekhara Reddy ACA-VDCA Cricket Stadium,bat,1,0.8,0.4,0.4,0.5294117647058824,0.5,0.5,0
2016-05-14,Royal Challengers Bengaluru,Gujarat Lions,M. Chinnaswamy Stadium,field,0,0.4,0.4,0.0,0.0,0.5102040816326531,0.5,1
2016-05-14,Kolkata Knight Riders,Rising Pune Supergiants,Eden Gardens,bat,0,0.4,0.2,0.2,1.0,0.6458333333333334,0.5,1
2016-05-15,Mumbai Indians,Delhi Capitals,Dr. Y.S. Rajasekhara Reddy ACA-VDCA Cricket Stadium,field,0,0.6,0.6,0.0,0.47058823529411764,0.3333333333333333,1.0,1
2016-05-15,Punjab Kings,Sunrisers Hyderabad,Punjab Cricket Association IS Bindra Stadium,bat,1,0.6,0.8,-0.20000000000000007,0.5294117647058824,0.4878048780487805,0.5,0
2016-05-16,Kolkata Knight Riders,Royal Challengers Bengaluru,Eden Gardens,field,0,0.6,0.6,0.0,0.5294117647058824,0.6530612244897959,0.3333333333333333,0
2016-05-17,Rising Pune Supergiants,Delhi Capitals,Dr. Y.S. Rajasekhara Reddy ACA-VDCA Cricket Stadium,field,1,0.2,0.4,-0.2,1.0,0.0,0.5,1
2016-05-18,Royal Challengers Bengaluru,Punjab Kings,M. Chinnaswamy Stadium,field,0,0.8,0.4,0.4,0.4117647058823529,0.52,0.5,1
2016-05-19,Gujarat Lions,Kolkata Knight Riders,Green Park,field,1,0.2,0.6,-0.39999999999999997,1.0,0.5,0.5,1
2016-05-20,Delhi Capitals,Sunrisers Hyderabad,Shaheed Veer Narayan Singh International Stadium,field,1,0.2,0.8,-0.6000000000000001,0.5,0.75,1.0,1
2016-05-21,Rising Pune Supergiants,Punjab Kings,Dr. Y.S. Rajasekhara Reddy ACA-VDCA Cricket Stadium,bat,0,0.4,0.4,0.0,0.0,0.5,1.0,1
2016-05-21,Gujarat Lions,Mumbai Indians,Green Park,field,1,0.4,0.6,-0.19999999999999996,1.0,1.0,0.5,1
2016-05-22,Kolkata Knight Riders,Sunrisers Hyderabad,Eden Gardens,field,0,0.4,0.6,-0.19999999999999996,0.75,0.64,0.0,1
2016-05-22,Delhi Capitals,Royal Challengers Bengaluru,Shaheed Veer Narayan Singh International Stadium,field,0,0.4,0.8,-0.4,0.42857142857142855,0.8,0.5,0
2016-05-24,Gujarat Lions,Royal Challengers Bengaluru,M. Chinnaswamy Stadium,field,0,0.6,0.8,-0.20000000000000007,0.5,0.0,0.5294117647058824,0
2016-05-25,Sunrisers Hyderabad,Kolkata Knight Riders,Feroz Shah Kotla,field,0,0.4,0.4,0.0,0.23529411764705882,0.5714285714285714,0.6666666666666666,1
2016-05-27,Gujarat Lions,Sunrisers Hyderabad,Feroz Shah Kotla,field,0,0.6,0.4,0.19999999999999996,0.0,1.0,0.625,0
2016-05-29,Royal Challengers Bengaluru,Sunrisers Hyderabad,M. Chinnaswamy Stadium,bat,0,1.0,0.6,0.4,0.5,0.5384615384615384,0.2857142857142857,0
2017-04-05,Sunrisers Hyderabad,Royal Challengers Bengaluru,Rajiv Gandhi International Cricket Stadium,field,0,0.6,0.8,-0.20000000000000007,0.5263157894736842,0.4,0.3333333333333333,1
2017-04-06,Rising Pune Supergiants,Mumbai Indians,Maharashtra Cricket Association Stadium,field,1,0.4,0.4,0.0,0.5,0.0,1.0,1
2017-04-07,Gujarat Lions,Kolkata Knight Riders,Saurashtra Cricket Association Stadium,field,0,0.4,0.4,0.0,1.0,0.4,0.5,0
2017-04-08,Punjab Kings,Rising Pune Supergiants,Holkar Cricket Stadium,field,1,0.2,0.6,-0.39999999999999997,0.5,1.0,0.5,1
2017-04-08,Royal Challengers Bengaluru,Delhi Capitals,M.Chinnaswamy Stadium,bat,1,0.6,0.4,0.19999999999999996,0.6,0.5,0.5,1
2017-04-09,Sunrisers Hyderabad,Gujarat Lions,Rajiv Gandhi International Cricket Stadium,field,1,0.8,0.4,0.4,1.0,0.4146341463414634,0.0,1
2017-04-09,Mumbai Indians,Kolkata Knight Riders,Wankhede Stadium,field,1,0.4,0.4,0.0,0.7222222222222222,0.6444444444444445,0.16666666666666666,1
2017-04-10,Punjab Kings,Royal Challengers Bengaluru,Holkar Cricket Stadium,bat,0,0.4,0.6,-0.19999999999999996,0.5555555555555556,1.0,0.5,1
2017-04-11,Rising Pune Supergiants,Delhi Capitals,Maharashtra Cricket Association Stadium,field,1,0.6,0.2,0.39999999999999997,1.0,0.2,1.0,0
2017-04-12,Mumbai Indians,Sunrisers Hyderabad,Wankhede Stadium,field,1,0.4,1.0,-0.6,0.5555555555555556,0.6521739130434783,0.25,1
2017-04-13,Kolkata Knight Riders,Punjab Kings,Eden Gardens,field,1,0.4,0.4,0.0,0.6842105263157895,0.6470588235294118,0.25,1
2017-04-14,Royal Challengers Bengaluru,Mumbai Indians,M. Chinnaswamy Stadium,field,0,0.4,0.6,-0.19999999999999996,0.42105263157894735,0.5283018867924528,0.75,0
2017-04-14,Gujarat Lions,Rising Pune Supergiants,Saurashtra Cricket Association Stadium,field,1,0.2,0.6,-0.39999999999999997,1.0,0.3333333333333333,0.0,1
2017-04-15,Delhi Capitals,Punjab Kings,Feroz Shah Kotla,bat,1,0.4,0.4,0.0,0.4444444444444444,0.3958333333333333,0.5,1
2017-04-15,Kolkata Knight Riders,Sunrisers Hyderabad,Eden Gardens,field,0,0.6,0.8,-0.20000000000000007,0.7222222222222222,0.6538461538461539,0.0,1
2017-04-16,Mumbai Indians,Gujarat Lions,Wankhede Stadium,field,1,0.6,0.2,0.39999999999999997,0.0,0.6595744680851063,1.0,1
2017-04-16,Royal Challengers Bengaluru,Rising Pune Supergiants,M. Chinnaswamy Stadium,field,1,0.2,0.4,-0.2,1.0,0.5185185185185185,0.0,0
2017-04-17,Delhi Capitals,Kolkata Knight Riders,Feroz Shah Kotla,bat,1,0.6,0.6,0.0,0.4117647058823529,0.40816326530612246,0.5714285714285714,0
2017-04-17,Sunrisers Hyderabad,Punjab Kings,Rajiv Gandhi International Cricket Stadium,field,0,0.6,0.4,0.19999999999999996,0.5,0.42857142857142855,0.5714285714285714,1
2017-04-18,Gujarat Lions,Royal Challengers Bengaluru,Saurashtra Cricket Association Stadium,field,1,0.2,0.2,0.0,0.3333333333333333,0.42857142857142855,0.0,0
2017-04-19,Sunrisers Hyderabad,Delhi Capitals,Rajiv Gandhi International Cricket Stadium,bat,1,0.6,0.4,0.19999999999999996,0.47368421052631576,0.4418604651162791,0.8,1
2017-04-20,Punjab Kings,Mumbai Indians,Holkar Cricket Stadium,field,0,0.4,0.8,-0.4,0.5,1.0,0.5,0
2017-04-21,Kolkata Knight Riders,Gujarat Lions,Eden Gardens,field,0,0.8,0.2,0.6000000000000001,0.3333333333333333,0.660377358490566,1.0,0
2017-04-22,Mumbai Indians,Delhi Capitals,Wankhede Stadium,field,0,1.0,0.4,0.6,0.5,0.6666666666666666,0.16666666666666666,1
2017-04-22,Rising Pune Supergiants,Sunrisers Hyderabad,Maharashtra Cricket Association Stadium,field,1,0.4,0.6,-0.19999999999999996,0.5,0.16666666666666666,1.0,1
2017-04-23,Gujarat Lions,Punjab Kings,Saurashtra Cricket Association Stadium,field,1,0.4,0.2,0.2,0.5,0.375,1.0,0
2017-04-23,Kolkata Knight Riders,Royal Challengers Bengaluru,Eden Gardens,field,0,0.6,0.4,0.19999999999999996,0.5,0.6481481481481481,0.42857142857142855,1
2017-04-24,Mumbai Indians,Rising Pune Supergiants,Wankhede Stadium,field,1,1.0,0.4,0.6,0.3333333333333333,0.673469387755102,1.0,0
2017-04-26,Rising Pune Supergiants,Kolkata Knight Riders,Maharashtra Cricket Association Stadium,field,0,0.6,0.8,-0.20000000000000007,0.0,0.2857142857142857,1.0,0
2017-04-27,Royal Challengers Bengaluru,Gujarat Lions,M. Chinnaswamy Stadium,field,0,0.2,0.4,-0.2,0.75,0.509090909090909,0.0,0
2017-04-28,Punjab Kings,Sunrisers Hyderabad,Punjab Cricket Association IS Bindra Stadium,field,1,0.2,0.4,-0.2,0.47368421052631576,0.47619047619047616,0.6,0
2017-04-28,Kolkata Knight Riders,Delhi Capitals,Eden Gardens,field,1,0.8,0.4,0.4,0.6111111111111112,0.6545454545454545,0.16666666666666666,1
2017-04-29,Rising Pune Supergiants,Royal Challengers Bengaluru,Maharashtra Cricket Association Stadium,field,0,0.6,0.2,0.39999999999999997,0.3333333333333333,0.25,1.0,1
2017-04-30,Sunrisers Hyderabad,Kolkata Knight Riders,Rajiv Gandhi International Cricket Stadium,field,0,0.6,0.8,-0.20000000000000007,0.2631578947368421,0.45454545454545453,0.8,1
2017-04-30,Punjab Kings,Delhi Capitals,Punjab Cricket Association IS Bindra Stadium,field,1,0.2,0.2,0.0,0.5263157894736842,0.46511627906976744,0.25,1
2017-05-01,Rising Pune Supergiants,Gujarat Lions,Maharashtra Cricket Association Stadium,field,1,0.8,0.4,0.4,0.0,0.3333333333333333,1.0,1
2017-05-01,Mumbai Indians,Royal Challengers Bengaluru,Wankhede Stadium,bat,0,0.8,0.2,0.6000000000000001,0.6,0.66,0.42857142857142855,1
2017-05-02,Delhi Capitals,Sunrisers Hyderabad,Feroz Shah Kotla,field,1,0.0,0.8,-0.8,0.5,0.4,0.6666666666666666,1
2017-05-03,Kolkata Knight Riders,Rising Pune Supergiants,Eden Gardens,field,0,0.6,0.8,-0.20000000000000007,1.0,0.6607142857142857,0.0,0
2017-05-04,Delhi Capitals,Gujarat Lions,Feroz Shah Kotla,field,1,0.2,0.4,-0.2,0.5,0.4117647058823529,0.5,1
2017-05-05,Royal Challengers Bengaluru,Punjab Kings,M. Chinnaswamy Stadium,field,1,0.2,0.4,-0.2,0.42105263157894735,0.5,0.4444444444444444,0
2017-05-06,Sunrisers Hyderabad,Rising Pune Supergiants,Rajiv Gandhi International Cricket Stadium,field,1,0.6,0.8,-0.20000000000000007,0.3333333333333333,0.4666666666666667,1.0,0
2017-05-06,Delhi Capitals,Mumbai Indians,Feroz Shah Kotla,field,1,0.4,0.8,-0.4,0.47368421052631576,0.4230769230769231,0.25,0
2017-05-07,Royal Challengers Bengaluru,Kolkata Knight Riders,M. Chinnaswamy Stadium,field,0,0.0,0.6,-0.6,0.47368421052631576,0.49122807017543857,0.5,0
2017-05-07,Punjab Kings,Gujarat Lions,Punjab Cricket Association IS Bindra Stadium,field,0,0.6,0.4,0.19999999999999996,0.6666666666666666,0.4772727272727273,1.0,0
2017-05-08,Sunrisers Hyderabad,Mumbai Indians,Rajiv Gandhi International Cricket Stadium,bat,0,0.4,0.8,-0.4,0.42105263157894735,0.45652173913043476,0.6666666666666666,1
2017-05-09,Punjab Kings,Kolkata Knight Riders,Punjab Cricket Association IS Bindra Stadium,field,0,0.6,0.6,0.0,0.3,0.4666666666666667,0.6,1
2017-05-10,Gujarat Lions,Delhi Capitals,Green Park,field,0,0.4,0.4,0.0,0.3333333333333333,1.0,0.5,0
2017-05-11,Mumbai Indians,Punjab Kings,Wankhede Stadium,field,1,0.6,0.6,0.0,0.5263157894736842,0.6666666666666666,0.5,0
2017-05-12,Delhi Capitals,Rising Pune Supergiants,Feroz Shah Kotla,bat,1,0.6,0.8,-0.20000000000000007,0.3333333333333333,0.41509433962264153,1.0,1
2017-05-13,Kolkata Knight Riders,Mumbai Indians,Eden Gardens,field,1,0.4,0.4,0.0,0.2631578947368421,0.6491228070175439,0.8,0
2017-05-13,Gujarat Lions,Sunrisers Hyderabad,Green Park,field,0,0.4,0.6,-0.19999999999999996,0.0,0.6666666666666666,0.5,0
2017-05-14,Rising Pune Supergiants,Punjab Kings,Maharashtra Cricket Association Stadium,field,1,0.8,0.8,0.0,0.3333333333333333,0.4,0.0,1
2017-05-14,Delhi Capitals,Royal Challengers Bengaluru,Feroz Shah Kotla,bat,0,0.8,0.0,0.8,0.375,0.42592592592592593,0.6666666666666666,0
2017-05-16,Mumbai Indians,Rising Pune Supergiants,Wankhede Stadium,field,1,0.6,0.8,-0.20000000000000007,0.25,0.6538461538461539,1.0,0
2017-05-17,Sunrisers Hyderabad,Kolkata Knight Riders,M. Chinnaswamy Stadium,field,0,0.6,0.2,0.39999999999999997,0.3,0.375,0.5555555555555556,0
2017-05-19,Mumbai Indians,Kolkata Knight Riders,M. Chinnaswamy Stadium,field,1,0.4,0.4,0.0,0.75,0.7777777777777778,0.6,1
2017-05-21,Mumbai Indians,Rising Pune Supergiants,Rajiv Gandhi International Cricket Stadium,bat,1,0.4,0.8,-0.4,0.2,0.5714285714285714,1.0,1
2018-04-07,Mumbai Indians,Chennai Super Kings,Wankhede Stadium,field,0,0.6,0.4,0.19999999999999996,0.5454545454545454,0.6415094339622641,0.4,0
2018-04-08,Delhi Capitals,Punjab Kings,Punjab Cricket Association IS Bindra Stadium,field,0,0.6,0.6,0.0,0.45,0.2,0.4782608695652174,0
2018-04-08,Royal Challengers Bengaluru,Kolkata Knight Riders,Eden Gardens,field,0,0.2,0.4,-0.2,0.45,0.375,0.6379310344827587,0
2018-04-09,Rajasthan Royals,Sunrisers Hyderabad,Rajiv Gandhi International Stadium,field,0,0.4,0.4,0.0,0.6875,0.5,0.5,0
2018-04-10,Kolkata Knight Riders,Chennai Super Kings,MA Chidambaram Stadium,field,0,0.4,0.6,-0.19999999999999996,0.375,0.2857142857142857,0.717391304347826,0
2018-04-11,Rajasthan Royals,Delhi Capitals,Sawai Mansingh Stadium,field,0,0.2,0.4,-0.2,0.625,0.7272727272727273,0.25,1
2018-04-12,Mumbai Indians,Sunrisers Hyderabad,Rajiv Gandhi International Stadium,field,0,0.6,0.6,0.0,0.55,0.5,1.0,0
2018-04-13,Punjab Kings,Royal Challengers Bengaluru,M.Chinnaswamy Stadium,field,0,0.6,0.2,0.39999999999999997,0.6,0.5,1.0,0
2018-04-14,Kolkata Knight Riders,Sunrisers Hyderabad,Eden Gardens,field,0,0.4,0.8,-0.4,0.7142857142857143,0.6440677966101694,0.0,0
2018-04-14,Mumbai Indians,Delhi Capitals,Wankhede Stadium,field,0,0.4,0.4,0.0,0.55,0.6296296296296297,0.14285714285714285,0
2018-04-15,Punjab Kings,Chennai Super Kings,Punjab Cricket Association IS Bindra Stadium,field,0,0.6,0.6,0.0,0.375,0.48936170212765956,0.75,1
2018-04-15,Rajasthan Royals,Royal Challengers Bengaluru,M.Chinnaswamy Stadium,field,0,0.4,0.4,0.0,0.4666666666666667,0.5,1.0,1
2018-04-16,Kolkata Knight Riders,Delhi Capitals,Eden Gardens,field,0,0.4,0.4,0.0,0.631578947368421,0.6333333333333333,0.14285714285714285,1
2018-04-17,Mumbai Indians,Royal Challengers Bengaluru,Wankhede Stadium,field,0,0.4,0.4,0.0,0.6190476190476191,0.6181818181818182,0.375,1
2018-04-18,Rajasthan Royals,Kolkata Knight Riders,Sawai Mansingh Stadium,field,0,0.6,0.4,0.19999999999999996,0.5384615384615384,0.7352941176470589,0.25,0
2018-04-19,Punjab Kings,Sunrisers Hyderabad,Punjab Cricket Association IS Bindra Stadium,bat,1,0.6,0.8,-0.20000000000000007,0.45,0.5,0.6666666666666666,1
2018-04-20,Chennai Super Kings,Rajasthan Royals,Maharashtra Cricket Association Stadium,field,0,0.6,0.4,0.19999999999999996,0.6470588235294118,0.5,0.5,1
2018-04-21,Kolkata Knight Riders,Punjab Kings,Eden Gardens,field,0,0.6,0.6,0.0,0.6666666666666666,0.639344262295082,0.2222222222222222,0
2018-04-21,Delhi Capitals,Royal Challengers Bengaluru,M.Chinnaswamy Stadium,field,0,0.2,0.4,-0.2,0.35294117647058826,0.0,0.6666666666666666,0
2018-04-22,Mumbai Indians,Rajasthan Royals,Sawai Mansingh Stadium,bat,1,0.4,0.4,0.0,0.625,0.4,0.7142857142857143,0
2018-04-22,Chennai Super Kings,Sunrisers Hyderabad,Rajiv Gandhi International Stadium,field,0,0.6,0.6,0.0,0.625,0.5,1.0,1
2018-04-23,Punjab Kings,Delhi Capitals,Arun Jaitley Stadium,field,0,0.8,0.2,0.6000000000000001,0.5714285714285714,0.5,0.5,1
2018-04-24,Sunrisers Hyderabad,Mumbai Indians,Wankhede Stadium,field,0,0.6,0.2,0.39999999999999997,0.47619047619047616,0.2,0.625,1
2018-04-25,Royal Challengers Bengaluru,Chennai Super Kings,M.Chinnaswamy Stadium,field,0,0.4,0.8,-0.4,0.3684210526315789,0.75,0.5,0
2018-04-26,Sunrisers Hyderabad,Punjab Kings,Rajiv Gandhi International Stadium,field,0,0.6,0.8,-0.20000000000000007,0.5238095238095238,0.6666666666666666,0.5,1
2018-04-27,Delhi Capitals,Kolkata Knight Riders,Arun Jaitley Stadium,field,0,0.2,0.4,-0.2,0.35,0.0,0.5,1
2018-04-28,Chennai Super Kings,Mumbai Indians,Maharashtra Cricket Association Stadium,field,0,0.8,0.2,0.6000000000000001,0.4782608695652174,1.0,0.5,0
2018-04-29,Royal Challengers Bengaluru,Kolkata Knight Riders,M.Chinnaswamy Stadium,field,0,0.4,0.4,0.0,0.42857142857142855,0.6,0.5,0
2018-04-29,Sunrisers Hyderabad,Rajasthan Royals,Sawai Mansingh Stadium,bat,1,0.6,0.6,0.0,0.35294117647058826,0.0,0.7222222222222222,1
2018-04-30,Chennai Super Kings,Delhi Capitals,Maharashtra Cricket Association Stadium,field,0,0.6,0.4,0.19999999999999996,0.6875,0.5,1.0,1
2018-05-01,Royal Challengers Bengaluru,Mumbai Indians,M.Chinnaswamy Stadium,field,0,0.2,0.4,-0.2,0.36363636363636365,0.5,0.5,1
2018-05-02,Delhi Capitals,Rajasthan Royals,Arun Jaitley Stadium,field,0,0.2,0.4,-0.2,0.35294117647058826,0.5,0.5,1
2018-05-03,Chennai Super Kings,Kolkata Knight Riders,Eden Gardens,field,0,0.8,0.6,0.20000000000000007,0.6470588235294118,0.4444444444444444,0.6290322580645161,0
2018-05-04,Punjab Kings,Mumbai Indians,Holkar Cricket Stadium,field,0,0.8,0.4,0.4,0.5,0.75,1.0,0
2018-05-05,Royal Challengers Bengaluru,Chennai Super Kings,Maharashtra Cricket Association Stadium,field,0,0.4,0.6,-0.19999999999999996,0.35,0.6666666666666666,0.6666666666666666,0
2018-05-05,Delhi Capitals,Sunrisers Hyderabad,Rajiv Gandhi International Stadium,bat,1,0.4,0.6,-0.19999999999999996,0.5238095238095238,0.5,0.75,0
2018-05-06,Mumbai Indians,Kolkata Knight Riders,Wankhede Stadium,field,0,0.4,0.6,-0.19999999999999996,0.7619047619047619,0.6140350877192983,0.14285714285714285,1
2018-05-06,Rajasthan Royals,Punjab Kings,Holkar Cricket Stadium,field,0,0.2,0.6,-0.39999999999999997,0.6428571428571429,0.0,0.6,0
2018-05-07,Sunrisers Hyderabad,Royal Challengers Bengaluru,Rajiv Gandhi International Stadium,field,0,0.8,0.4,0.4,0.55,0.8,0.5,1
2018-05-08,Rajasthan Royals,Punjab Kings,Sawai Mansingh Stadium,bat,1,0.2,0.6,-0.39999999999999997,0.6,0.7027027027027027,0.0,1
2018-05-09,Mumbai Indians,Kolkata Knight Riders,Eden Gardens,field,0,0.6,0.4,0.19999999999999996,0.7727272727272727,0.8181818181818182,0.6349206349206349,1
2018-05-10,Delhi Capitals,Sunrisers Hyderabad,Arun Jaitley Stadium,bat,1,0.4,1.0,-0.6,0.5,0.6666666666666666,0.5,0
2018-05-11,Chennai Super Kings,Rajasthan Royals,Sawai Mansingh Stadium,bat,1,0.6,0.4,0.19999999999999996,0.6666666666666666,0.5,0.7105263157894737,0
2018-05-12,Delhi Capitals,Royal Challengers Bengaluru,Arun Jaitley Stadium,field,0,0.4,0.2,0.2,0.3333333333333333,0.5,0.5,0
2018-05-12,Kolkata Knight Riders,Punjab Kings,Holkar Cricket Stadium,field,0,0.4,0.4,0.0,0.6363636363636364,0.5,0.6666666666666666,1
2018-05-13,Sunrisers Hyderabad,Chennai Super Kings,Maharashtra Cricket Association Stadium,field,0,1.0,0.4,0.6,0.35294117647058826,0.5,0.75,0
2018-05-13,Mumbai Indians,Rajasthan Royals,Wankhede Stadium,field,0,0.8,0.4,0.4,0.5882352941176471,0.6206896551724138,0.3333333333333333,0
2018-05-14,Punjab Kings,Royal Challengers Bengaluru,Holkar Cricket Stadium,field,0,0.2,0.4,-0.2,0.5714285714285714,0.5714285714285714,0.0,0
2018-05-15,Rajasthan Royals,Kolkata Knight Riders,Eden Gardens,field,0,0.6,0.6,0.0,0.5,0.16666666666666666,0.625,0
2018-05-16,Mumbai Indians,Punjab Kings,Wankhede Stadium,field,0,0.6,0.2,0.39999999999999997,0.5238095238095238,0.6101694915254238,0.5555555555555556,1
2018-05-17,Royal Challengers Bengaluru,Sunrisers Hyderabad,M.Chinnaswamy Stadium,field,0,0.6,0.8,-0.20000000000000007,0.42857142857142855,0.5714285714285714,0.5,1
2018-05-18,Delhi Capitals,Chennai Super Kings,Arun Jaitley Stadium,field,0,0.2,0.6,-0.39999999999999997,0.29411764705882354,0.4,0.5,1
2018-05-19,Rajasthan Royals,Royal Challengers Bengaluru,Sawai Mansingh Stadium,bat,1,0.6,0.6,0.0,0.5,0.717948717948718,0.6,1
2018-05-19,Sunrisers Hyderabad,Kolkata Knight Riders,Rajiv Gandhi International Stadium,bat,1,0.6,0.6,0.0,0.3181818181818182,0.8333333333333334,0.5,0
2018-05-20,Punjab Kings,Chennai Super Kings,Maharashtra Cricket Association Stadium,field,0,0.2,0.4,-0.2,0.4117647058823529,0.0,0.8,0
2018-05-20,Delhi Capitals,Mumbai Indians,Arun Jaitley Stadium,bat,1,0.4,0.8,-0.4,0.47619047619047616,0.5,0.5,1
2018-05-22,Sunrisers Hyderabad,Chennai Super Kings,Wankhede Stadium,field,0,0.4,0.6,-0.19999999999999996,0.3333333333333333,0.3333333333333333,0.45454545454545453,0
2018-05-23,Kolkata Knight Riders,Rajasthan Royals,Eden Gardens,field,0,0.6,0.8,-0.20000000000000007,0.5333333333333333,0.6307692307692307,0.14285714285714285,1
2018-05-25,Sunrisers Hyderabad,Kolkata Knight Riders,Eden Gardens,field,0,0.2,0.8,-0.6000000000000001,0.30434782608695654,0.1111111111111111,0.6363636363636364,1
2018-05-27,Sunrisers Hyderabad,Chennai Super Kings,Wankhede Stadium,field,0,0.2,0.6,-0.39999999999999997,0.3157894736842105,0.2857142857142857,0.5,0
2019-03-23,Royal Challengers Bengaluru,Chennai Super Kings,MA Chidambaram Stadium,field,0,0.6,0.8,-0.20000000000000007,0.3333333333333333,0.25,0.723404255319149,0
2019-03-24,Sunrisers Hyderabad,Kolkata Knight Riders,Eden Gardens,field,0,0.2,0.8,-0.6000000000000001,0.3333333333333333,0.2,0.6268656716417911,0
2019-03-24,Delhi Capitals,Mumbai Indians,Wankhede Stadium,field,0,0.4,0.6,-0.19999999999999996,0.5,0.25,0.6166666666666667,1
2019-03-25,Punjab Kings,Rajasthan Royals,Sawai Mansingh Stadium,field,0,0.0,0.6,-0.6,0.375,0.0,0.725,1
2019-03-26,Delhi Capitals,Chennai Super Kings,Arun Jaitley Stadium,bat,1,0.6,0.8,-0.20000000000000007,0.3333333333333333,0.5714285714285714,0.0,0
2019-03-27,Kolkata Knight Riders,Punjab Kings,Eden Gardens,field,0,0.8,0.2,0.6000000000000001,0.6521739130434783,0.6323529411764706,0.3,1
2019-03-28,Mumbai Indians,Royal Challengers Bengaluru,M.Chinnaswamy Stadium,field,0,0.4,0.6,-0.19999999999999996,0.6086956521739131,0.0,0.625,1
2019-03-29,Rajasthan Royals,Sunrisers Hyderabad,Rajiv Gandhi International Stadium,bat,1,0.4,0.2,0.2,0.6111111111111112,0.0,0.7142857142857143,0
2019-03-30,Mumbai Indians,Punjab Kings,Punjab Cricket Association IS Bindra Stadium,field,0,0.4,0.2,0.2,0.5454545454545454,0.5714285714285714,0.5102040816326531,0
2019-03-31,Sunrisers Hyderabad,Royal Challengers Bengaluru,Rajiv Gandhi International Stadium,field,0,0.4,0.4,0.0,0.5454545454545454,0.75,0.0,1
2019-03-31,Chennai Super Kings,Rajasthan Royals,MA Chidambaram Stadium,field,0,1.0,0.2,0.8,0.631578947368421,0.7291666666666666,0.16666666666666666,1
2019-04-01,Punjab Kings,Delhi Capitals,Punjab Cricket Association IS Bindra Stadium,field,0,0.4,0.6,-0.19999999999999996,0.5909090909090909,0.52,0.16666666666666666,1
2019-04-02,Royal Challengers Bengaluru,Rajasthan Royals,Sawai Mansingh Stadium,field,0,0.2,0.2,0.0,0.47058823529411764,0.5,0.7073170731707317,0
2019-04-03,Mumbai Indians,Chennai Super Kings,Wankhede Stadium,field,0,0.4,1.0,-0.6,0.5416666666666666,0.6065573770491803,0.5384615384615384,1
2019-04-04,Delhi Capitals,Sunrisers Hyderabad,Arun Jaitley Stadium,field,0,0.6,0.6,0.0,0.4782608695652174,0.5,1.0,0
2019-04-05,Royal Challengers Bengaluru,Kolkata Knight Riders,M.Chinnaswamy Stadium,field,0,0.0,0.8,-0.8,0.4090909090909091,0.5555555555555556,1.0,0
2019-04-06,Mumbai Indians,Sunrisers Hyderabad,Rajiv Gandhi International Stadium,field,0,0.4,0.6,-0.19999999999999996,0.5,0.0,0.7777777777777778,1
2019-04-06,Chennai Super Kings,Punjab Kings,MA Chidambaram Stadium,bat,1,0.8,0.6,0.20000000000000007,0.6111111111111112,0.7346938775510204,0.25,1
2019-04-07,Royal Challengers Bengaluru,Delhi Capitals,M.Chinnaswamy Stadium,field,0,0.0,0.4,-0.4,0.6842105263157895,0.5,0.0,0
2019-04-07,Rajasthan Royals,Kolkata Knight Riders,Sawai Mansingh Stadium,field,0,0.2,0.8,-0.6000000000000001,0.4375,0.7142857142857143,0.4,0
2019-04-08,Sunrisers Hyderabad,Punjab Kings,Punjab Cricket Association IS Bindra Stadium,field,0,0.6,0.6,0.0,0.5454545454545454,0.5714285714285714,0.5294117647058824,0
2019-04-09,Kolkata Knight Riders,Chennai Super Kings,MA Chidambaram Stadium,field,0,0.8,0.8,0.0,0.3888888888888889,0.25,0.74,0
2019-04-10,Punjab Kings,Mumbai Indians,Wankhede Stadium,field,0,0.6,0.6,0.0,0.4782608695652174,0.5,0.6129032258064516,0
2019-04-11,Rajasthan Royals,Chennai Super Kings,Sawai Mansingh Stadium,field,0,0.2,0.8,-0.6000000000000001,0.35,0.6976744186046512,0.4,0
2019-04-12,Kolkata Knight Riders,Delhi Capitals,Eden Gardens,field,0,0.8,0.4,0.4,0.6190476190476191,0.6376811594202898,0.125,0
2019-04-13,Mumbai Indians,Rajasthan Royals,Wankhede Stadium,field,0,0.8,0.2,0.6000000000000001,0.5555555555555556,0.6190476190476191,0.42857142857142855,0
2019-04-13,Punjab Kings,Royal Challengers Bengaluru,Punjab Cricket Association IS Bindra Stadium,field,0,0.6,0.0,0.6,0.5454545454545454,0.5384615384615384,0.5,0
2019-04-14,Delhi Capitals,Sunrisers Hyderabad,Rajiv Gandhi International Stadium,field,0,0.4,0.6,-0.19999999999999996,0.4583333333333333,0.0,0.7,1
2019-04-14,Kolkata Knight Riders,Chennai Super Kings,Eden Gardens,field,0,0.6,0.8,-0.20000000000000007,0.3684210526315789,0.6285714285714286,0.4,0
2019-04-15,Royal Challengers Bengaluru,Mumbai Indians,Wankhede Stadium,field,0,0.2,0.6,-0.39999999999999997,0.375,0.3333333333333333,0.609375,0
2019-04-16,Punjab Kings,Rajasthan Royals,Punjab Cricket Association IS Bindra Stadium,field,0,0.4,0.4,0.0,0.4117647058823529,0.5283018867924528,0.5,1
2019-04-17,Chennai Super Kings,Sunrisers Hyderabad,Rajiv Gandhi International Stadium,bat,1,0.8,0.4,0.4,0.7,1.0,0.6363636363636364,0
2019-04-18,Mumbai Indians,Delhi Capitals,Arun Jaitley Stadium,bat,1,0.8,0.6,0.20000000000000007,0.4782608695652174,0.0,0.4444444444444444,1
2019-04-19,Royal Challengers Bengaluru,Kolkata Knight Riders,Eden Gardens,field,0,0.2,0.4,-0.2,0.391304347826087,0.3333333333333333,0.6197183098591549,1
2019-04-20,Mumbai Indians,Rajasthan Royals,Sawai Mansingh Stadium,field,0,0.8,0.4,0.4,0.5263157894736842,0.3333333333333333,0.6818181818181818,0
2019-04-20,Punjab Kings,Delhi Capitals,Arun Jaitley Stadium,field,0,0.4,0.6,-0.19999999999999996,0.6086956521739131,1.0,0.4,0
2019-04-21,Kolkata Knight Riders,Sunrisers Hyderabad,Rajiv Gandhi International Stadium,field,0,0.2,0.4,-0.2,0.68,1.0,0.6666666666666666,0
2019-04-21,Royal Challengers Bengaluru,Chennai Super Kings,M.Chinnaswamy Stadium,field,0,0.4,0.8,-0.4,0.3181818181818182,0.45454545454545453,1.0,1
2019-04-22,Rajasthan Royals,Delhi Capitals,Sawai Mansingh Stadium,field,0,0.4,0.8,-0.4,0.6111111111111112,0.6888888888888889,0.2,0
2019-04-23,Sunrisers Hyderabad,Chennai Super Kings,MA Chidambaram Stadium,field,0,0.4,0.6,-0.19999999999999996,0.3333333333333333,0.3333333333333333,0.7450980392156863,0
2019-04-24,Royal Challengers Bengaluru,Punjab Kings,M.Chinnaswamy Stadium,field,0,0.6,0.4,0.19999999999999996,0.4782608695652174,0.5,0.0,1
2019-04-25,Kolkata Knight Riders,Rajasthan Royals,Eden Gardens,field,0,0.0,0.4,-0.4,0.5882352941176471,0.6111111111111112,0.125,0
2019-04-26,Mumbai Indians,Chennai Super Kings,MA Chidambaram Stadium,field,0,0.6,0.6,0.0,0.56,0.5,0.75,1
2019-04-27,Sunrisers Hyderabad,Rajasthan Royals,Sawai Mansingh Stadium,field,0,0.4,0.6,-0.19999999999999996,0.42105263157894735,0.25,0.6739130434782609,0
2019-04-28,Delhi Capitals,Royal Challengers Bengaluru,Arun Jaitley Stadium,bat,1,0.8,0.8,0.0,0.35,0.45454545454545453,1.0,1
2019-04-28,Kolkata Knight Riders,Mumbai Indians,Eden Gardens,field,0,0.0,0.6,-0.6,0.21739130434782608,0.6027397260273972,0.8333333333333334,1
2019-04-29,Sunrisers Hyderabad,Punjab Kings,Rajiv Gandhi International Stadium,field,0,0.4,0.2,0.2,0.5217391304347826,0.6923076923076923,0.0,1
2019-05-01,Chennai Super Kings,Delhi Capitals,MA Chidambaram Stadium,field,0,0.4,0.8,-0.4,0.6842105263157895,0.7358490566037735,0.2857142857142857,1
2019-05-03,Punjab Kings,Kolkata Knight Riders,Punjab Cricket Association IS Bindra Stadium,field,0,0.2,0.2,0.0,0.3333333333333333,0.5370370370370371,0.5,0
2019-05-04,Rajasthan Royals,Delhi Capitals,Arun Jaitley Stadium,bat,1,0.6,0.6,0.0,0.5789473684210527,0.0,0.5,0
2019-05-04,Sunrisers Hyderabad,Royal Challengers Bengaluru,M.Chinnaswamy Stadium,field,0,0.6,0.6,0.0,0.5652173913043478,0.0,0.5384615384615384,0
2019-05-05,Chennai Super Kings,Punjab Kings,Punjab Cricket Association IS Bindra Stadium,field,0,0.4,0.2,0.2,0.631578947368421,0.6,0.5272727272727272,0
2019-05-05,Kolkata Knight Riders,Mumbai Indians,Wankhede Stadium,field,0,0.4,0.6,-0.19999999999999996,0.25,0.125,0.6153846153846154,0
2019-05-07,Chennai Super Kings,Mumbai Indians,MA Chidambaram Stadium,bat,1,0.4,0.6,-0.19999999999999996,0.4230769230769231,0.7407407407407407,0.5714285714285714,0
2019-05-08,Sunrisers Hyderabad,Delhi Capitals,Dr. Y.S. Rajasekhara Reddy ACA-VDCA Cricket Stadium,field,0,0.4,0.8,-0.4,0.52,0.42857142857142855,0.3333333333333333,0
2019-05-10,Delhi Capitals,Chennai Super Kings,Dr. Y.S. Rajasekhara Reddy ACA-VDCA Cricket Stadium,field,0,0.8,0.4,0.4,0.3,0.5,1.0,0
2019-05-12,Mumbai Indians,Chennai Super Kings,Rajiv Gandhi International Stadium,bat,1,0.6,0.4,0.19999999999999996,0.5925925925925926,0.5,0.5,1
2020-09-19,Mumbai Indians,Chennai Super Kings,Sheikh Zayed Stadium,field,0,0.8,0.4,0.4,0.6071428571428571,0.0,0.5,0
2020-09-21,Royal Challengers Bengaluru,Sunrisers Hyderabad,Dubai International Cricket Stadium,field,0,0.8,0.2,0.6000000000000001,0.4583333333333333,0.5,1.0,1
2020-09-22,Rajasthan Royals,Chennai Super Kings,Sharjah Cricket Stadium,field,0,0.6,0.4,0.19999999999999996,0.3333333333333333,0.0,1.0,1
2020-09-23,Mumbai Indians,Kolkata Knight Riders,Sheikh Zayed Stadium,field,0,0.6,0.4,0.19999999999999996,0.76,0.0,0.5,1
2020-09-24,Punjab Kings,Royal Challengers Bengaluru,Dubai International Cricket Stadium,field,0,0.2,0.8,-0.6000000000000001,0.5,1.0,0.6666666666666666,1
2020-09-25,Delhi Capitals,Chennai Super Kings,Dubai International Cricket Stadium,field,0,0.6,0.4,0.19999999999999996,0.2857142857142857,0.5,1.0,1
2020-09-26,Sunrisers Hyderabad,Kolkata Knight Riders,Sheikh Zayed Stadium,bat,1,0.2,0.4,-0.2,0.34615384615384615,0.0,0.3333333333333333,0
2020-09-27,Punjab Kings,Rajasthan Royals,Sharjah Cricket Stadium,field,0,0.4,0.6,-0.19999999999999996,0.4444444444444444,1.0,0.5,0
2020-09-29,Sunrisers Hyderabad,Delhi Capitals,Sheikh Zayed Stadium,field,0,0.2,0.6,-0.39999999999999997,0.5,0.0,0.0,1
2020-09-30,Kolkata Knight Riders,Rajasthan Royals,Dubai International Cricket Stadium,field,0,0.6,0.8,-0.20000000000000007,0.5555555555555556,0.0,0.0,1
2020-10-01,Mumbai Indians,Punjab Kings,Sheikh Zayed Stadium,field,0,0.8,0.4,0.4,0.5416666666666666,0.3333333333333333,1.0,1
2020-10-02,Sunrisers Hyderabad,Chennai Super Kings,Dubai International Cricket Stadium,bat,1,0.2,0.4,-0.2,0.3181818181818182,0.6666666666666666,0.6666666666666666,1
2020-10-03,Delhi Capitals,Kolkata Knight Riders,Sharjah Cricket Stadium,field,0,0.6,0.6,0.0,0.4090909090909091,0.5,1.0,1
2020-10-03,Rajasthan Royals,Royal Challengers Bengaluru,Sheikh Zayed Stadium,bat,1,0.6,0.6,0.0,0.5555555555555556,1.0,0.0,0
2020-10-04,Mumbai Indians,Sunrisers Hyderabad,Sharjah Cricket Stadium,bat,1,0.8,0.4,0.4,0.5217391304347826,0.0,0.0,1
2020-10-04,Punjab Kings,Chennai Super Kings,Dubai International Cricket Stadium,bat,1,0.4,0.2,0.2,0.4,1.0,0.5,0
2020-10-05,Delhi Capitals,Royal Challengers Bengaluru,Dubai International Cricket Stadium,field,0,0.6,0.6,0.0,0.38095238095238093,0.6666666666666666,0.5,1
2020-10-06,Mumbai Indians,Rajasthan Royals,Sheikh Zayed Stadium,bat,1,0.8,0.4,0.4,0.5,0.5,0.6666666666666666,1
2020-10-07,Kolkata Knight Riders,Chennai Super Kings,Sheikh Zayed Stadium,bat,1,0.4,0.4,0.0,0.35,0.5,0.6666666666666666,1
2020-10-08,Sunrisers Hyderabad,Punjab Kings,Dubai International Cricket Stadium,bat,1,0.4,0.4,0.0,0.5416666666666666,0.75,0.6666666666666666,1
2020-10-09,Delhi Capitals,Rajasthan Royals,Sharjah Cricket Stadium,field,0,0.6,0.4,0.19999999999999996,0.45,0.6666666666666666,0.6666666666666666,1
2020-10-10,Royal Challengers Bengaluru,Chennai Super Kings,Dubai International Cricket Stadium,bat,1,0.6,0.2,0.39999999999999997,0.34782608695652173,0.4,0.6,1
2020-10-10,Kolkata Knight Riders,Punjab Kings,Sheikh Zayed Stadium,bat,1,0.6,0.2,0.39999999999999997,0.68,0.6,0.6666666666666666,1
2020-10-11,Delhi Capitals,Mumbai Indians,Sheikh Zayed Stadium,bat,1,0.8,0.8,0.0,0.5,0.0,0.6,0
2020-10-11,Sunrisers Hyderabad,Rajasthan Royals,Dubai International Cricket Stadium,bat,1,0.6,0.2,0.39999999999999997,0.4,0.8,0.0,0
2020-10-12,Royal Challengers Bengaluru,Kolkata Knight Riders,Sharjah Cricket Stadium,bat,1,0.6,0.8,-0.20000000000000007,0.4166666666666667,0.5,0.5,1
2020-10-13,Chennai Super Kings,Sunrisers Hyderabad,Dubai International Cricket Stadium,bat,1,0.2,0.6,-0.39999999999999997,0.6521739130434783,0.5,0.6666666666666666,1
2020-10-14,Delhi Capitals,Rajasthan Royals,Dubai International Cricket Stadium,bat,1,0.6,0.2,0.39999999999999997,0.47619047619047616,0.75,0.3333333333333333,1
2020-10-15,Royal Challengers Bengaluru,Punjab Kings,Sharjah Cricket Stadium,bat,1,0.6,0.0,0.6,0.48,0.6666666666666666,0.6666666666666666,0
2020-10-16,Kolkata Knight Riders,Mumbai Indians,Sheikh Zayed Stadium,bat,1,0.6,1.0,-0.4,0.23076923076923078,0.6666666666666666,0.6666666666666666,0
2020-10-17,Chennai Super Kings,Delhi Capitals,Sharjah Cricket Stadium,bat,1,0.4,0.8,-0.4,0.6818181818181818,0.5,0.75,0
2020-10-17,Rajasthan Royals,Royal Challengers Bengaluru,Dubai International Cricket Stadium,bat,1,0.2,0.6,-0.39999999999999997,0.5263157894736842,0.25,0.5,0
2020-10-19,Chennai Super Kings,Rajasthan Royals,Sheikh Zayed Stadium,bat,1,0.4,0.2,0.2,0.6363636363636364,0.5,0.5,0
2020-10-20,Delhi Capitals,Punjab Kings,Dubai International Cricket Stadium,bat,1,0.8,0.2,0.6000000000000001,0.4166666666666667,0.8,0.5,0
2020-10-21,Kolkata Knight Riders,Royal Challengers Bengaluru,Sheikh Zayed Stadium,bat,1,0.4,0.6,-0.19999999999999996,0.56,0.5714285714285714,0.5,0
2020-10-22,Rajasthan Royals,Sunrisers Hyderabad,Dubai International Cricket Stadium,field,0,0.4,0.4,0.0,0.6190476190476191,0.2,0.5714285714285714,0
2020-10-23,Chennai Super Kings,Mumbai Indians,Sharjah Cricket Stadium,field,0,0.2,1.0,-0.8,0.41379310344827586,0.3333333333333333,0.5,0
2020-10-24,Kolkata Knight Riders,Delhi Capitals,Sheikh Zayed Stadium,field,0,0.4,0.6,-0.19999999999999996,0.5652173913043478,0.5,0.0,1
2020-10-24,Punjab Kings,Sunrisers Hyderabad,Dubai International Cricket Stadium,field,0,0.4,0.4,0.0,0.44,0.6,0.625,1
2020-10-25,Royal Challengers Bengaluru,Chennai Super Kings,Dubai International Cricket Stadium,bat,1,0.8,0.2,0.6000000000000001,0.375,0.5714285714285714,0.5714285714285714,0
2020-10-25,Mumbai Indians,Rajasthan Royals,Sheikh Zayed Stadium,bat,1,1.0,0.4,0.6,0.5238095238095238,0.7142857142857143,0.6,0
2020-10-26,Kolkata Knight Riders,Punjab Kings,Sharjah Cricket Stadium,field,0,0.4,0.6,-0.19999999999999996,0.6923076923076923,0.3333333333333333,0.75,0
2020-10-27,Sunrisers Hyderabad,Delhi Capitals,Dubai International Cricket Stadium,field,0,0.4,0.4,0.0,0.5185185185185185,0.5555555555555556,0.6666666666666666,1
2020-10-28,Royal Challengers Bengaluru,Mumbai Indians,Sheikh Zayed Stadium,field,0,0.6,0.8,-0.20000000000000007,0.36,0.6666666666666666,0.625,0
2020-10-29,Kolkata Knight Riders,Chennai Super Kings,Dubai International Cricket Stadium,field,0,0.2,0.4,-0.2,0.38095238095238093,0.5,0.625,0
2020-10-30,Punjab Kings,Rajasthan Royals,Sheikh Zayed Stadium,field,0,0.8,0.4,0.4,0.42105263157894735,0.5,0.6666666666666666,0
2020-10-31,Royal Challengers Bengaluru,Sunrisers Hyderabad,Sharjah Cricket Stadium,field,0,0.4,0.4,0.0,0.48,0.5,0.0,0
2020-10-31,Delhi Capitals,Mumbai Indians,Dubai International Cricket Stadium,field,0,0.4,0.8,-0.4,0.48,0.5714285714285714,0.0,0
2020-11-01,Punjab Kings,Chennai Super Kings,Sheikh Zayed Stadium,field,0,0.8,0.4,0.4,0.38095238095238093,0.4,0.4,0
2020-11-01,Kolkata Knight Riders,Rajasthan Royals,Dubai International Cricket Stadium,field,0,0.2,0.6,-0.39999999999999997,0.5789473684210527,0.3333333333333333,0.16666666666666666,1
2020-11-02,Royal Challengers Bengaluru,Delhi Capitals,Sheikh Zayed Stadium,field,0,0.4,0.2,0.2,0.5909090909090909,0.5,0.0,0
2020-11-03,Mumbai Indians,Sunrisers Hyderabad,Sharjah Cricket Stadium,field,0,0.8,0.6,0.20000000000000007,0.5416666666666666,0.6666666666666666,0.25,0
2020-11-05,Mumbai Indians,Delhi Capitals,Dubai International Cricket Stadium,field,0,0.6,0.2,0.39999999999999997,0.5384615384615384,0.25,0.5,1
2020-11-06,Royal Challengers Bengaluru,Sunrisers Hyderabad,Sheikh Zayed Stadium,field,0,0.2,0.8,-0.6000000000000001,0.46153846153846156,0.4,0.3333333333333333,0
2020-11-08,Delhi Capitals,Sunrisers Hyderabad,Sheikh Zayed Stadium,bat,1,0.2,0.8,-0.6000000000000001,0.4642857142857143,0.2,0.5,1
2020-11-10,Delhi Capitals,Mumbai Indians,Dubai International Cricket Stadium,bat,1,0.4,0.6,-0.19999999999999996,0.4444444444444444,0.4444444444444444,0.4,0
2021-04-09,Mumbai Indians,Royal Challengers Bengaluru,MA Chidambaram Stadium,field,0,0.8,0.0,0.8,0.6538461538461539,0.625,0.2222222222222222,0
2021-04-10,Chennai Super Kings,Delhi Capitals,"Wankhede Stadium, Mumbai",field,0,0.6,0.4,0.19999999999999996,0.6521739130434783,0.5,0.5,0
2021-04-11,Kolkata Knight Riders,Sunrisers Hyderabad,MA Chidambaram Stadium,field,0,0.4,0.8,-0.4,0.6666666666666666,0.2222222222222222,0.2857142857142857,1
2021-04-12,Punjab Kings,Rajasthan Royals,"Wankhede Stadium, Mumbai",field,0,0.6,0.6,0.0,0.4,0.5,0.5,1
2021-04-13,Mumbai Indians,Kolkata Knight Riders,MA Chidambaram Stadium,field,0,0.6,0.6,0.0,0.7777777777777778,0.5555555555555556,0.3,1
2021-04-14,Royal Challengers Bengaluru,Sunrisers Hyderabad,MA Chidambaram Stadium,field,0,0.2,0.6,-0.39999999999999997,0.4444444444444444,0.3,0.25,1
2021-04-15,Delhi Capitals,Rajasthan Royals,"Wankhede Stadium, Mumbai",field,0,0.6,0.4,0.19999999999999996,0.5,1.0,0.0,0
2021-04-16,Punjab Kings,Chennai Super Kings,"Wankhede Stadium, Mumbai",field,0,0.6,0.6,0.0,0.36363636363636365,1.0,0.0,0
2021-04-17,Mumbai Indians,Sunrisers Hyderabad,MA Chidambaram Stadium,bat,1,0.6,0.4,0.19999999999999996,0.52,0.6,0.2222222222222222,1
2021-04-18,Royal Challengers Bengaluru,Kolkata Knight Riders,MA Chidambaram Stadium,bat,1,0.4,0.4,0.0,0.46153846153846156,0.36363636363636365,0.2727272727272727,1
2021-04-18,Punjab Kings,Delhi Capitals,"Wankhede Stadium, Mumbai",field,0,0.4,0.4,0.0,0.6,0.5,0.5,0
2021-04-19,Chennai Super Kings,Rajasthan Royals,"Wankhede Stadium, Mumbai",field,0,0.8,0.6,0.20000000000000007,0.6086956521739131,0.5,0.5,1
2021-04-20,Mumbai Indians,Delhi Capitals,MA Chidambaram Stadium,bat,1,0.8,0.6,0.20000000000000007,0.5714285714285714,0.6363636363636364,0.25,0
2021-04-21,Chennai Super Kings,Kolkata Knight Riders,"Wankhede Stadium, Mumbai",field,0,0.8,0.4,0.4,0.6363636363636364,0.6666666666666666,0.5,1
2021-04-21,Punjab Kings,Sunrisers Hyderabad,MA Chidambaram Stadium,bat,1,0.2,0.2,0.0,0.46153846153846156,0.2,0.2,0
2021-04-22,Rajasthan Royals,Royal Challengers Bengaluru,"Wankhede Stadium, Mumbai",field,0,0.4,0.6,-0.19999999999999996,0.5,0.3333333333333333,0.5,0
2021-04-23,Mumbai Indians,Punjab Kings,MA Chidambaram Stadium,field,0,0.6,0.2,0.39999999999999997,0.56,0.5833333333333334,0.16666666666666666,0
2021-04-24,Kolkata Knight Riders,Rajasthan Royals,"Wankhede Stadium, Mumbai",field,0,0.4,0.2,0.2,0.6,0.0,0.25,0
2021-04-25,Chennai Super Kings,Royal Challengers Bengaluru,"Wankhede Stadium, Mumbai",bat,1,0.8,0.8,0.0,0.64,0.75,1.0,1
2021-04-26,Punjab Kings,Kolkata Knight Riders,"Narendra Modi Stadium, Ahmedabad",field,0,0.4,0.2,0.2,0.3333333333333333,0.5,0.5,0
2021-04-27,Royal Challengers Bengaluru,Delhi Capitals,"Narendra Modi Stadium, Ahmedabad",field,0,0.8,0.6,0.20000000000000007,0.5652173913043478,0.5,0.5,1
2021-04-28,Sunrisers Hyderabad,Chennai Super Kings,"Arun Jaitley Stadium, Delhi",bat,1,0.2,0.8,-0.6000000000000001,0.3333333333333333,0.5,0.5,0
2021-04-29,Kolkata Knight Riders,Delhi Capitals,"Narendra Modi Stadium, Ahmedabad",field,0,0.2,0.6,-0.39999999999999997,0.5833333333333334,1.0,0.0,0
2021-04-29,Rajasthan Royals,Mumbai Indians,"Arun Jaitley Stadium, Delhi",field,0,0.4,0.4,0.0,0.5,0.5,0.5,0
2021-04-30,Punjab Kings,Royal Challengers Bengaluru,"Narendra Modi Stadium, Ahmedabad",field,0,0.2,0.8,-0.6000000000000001,0.5384615384615384,0.0,1.0,1
2021-05-01,Chennai Super Kings,Mumbai Indians,"Arun Jaitley Stadium, Delhi",field,0,1.0,0.6,0.4,0.4,1.0,1.0,0
2021-05-02,Punjab Kings,Delhi Capitals,"Narendra Modi Stadium, Ahmedabad",field,0,0.4,0.6,-0.19999999999999996,0.5769230769230769,0.5,0.5,0
2021-05-02,Rajasthan Royals,Sunrisers Hyderabad,"Arun Jaitley Stadium, Delhi",field,0,0.4,0.2,0.2,0.5909090909090909,0.0,0.0,1
2021-09-19,Chennai Super Kings,Mumbai Indians,Dubai International Cricket Stadium,bat,1,0.8,0.6,0.20000000000000007,0.3870967741935484,0.6666666666666666,0.5,1
2021-09-20,Royal Challengers Bengaluru,Kolkata Knight Riders,"Zayed Cricket Stadium, Abu Dhabi",bat,1,0.6,0.2,0.39999999999999997,0.48148148148148145,0.5,0.5,0
2021-09-21,Rajasthan Royals,Punjab Kings,Dubai International Cricket Stadium,field,0,0.4,0.4,0.0,0.5714285714285714,0.14285714285714285,0.6666666666666666,1
2021-09-22,Sunrisers Hyderabad,Delhi Capitals,Dubai International Cricket Stadium,bat,1,0.2,0.8,-0.6000000000000001,0.5172413793103449,0.6,0.4,0
2021-09-23,Mumbai Indians,Kolkata Knight Riders,"Zayed Cricket Stadium, Abu Dhabi",field,0,0.4,0.4,0.0,0.7857142857142857,0.5,1.0,0
2021-09-24,Royal Challengers Bengaluru,Chennai Super Kings,Sharjah Cricket Stadium,field,0,0.4,0.8,-0.4,0.34615384615384615,0.4,0.25,0
2021-09-25,Punjab Kings,Sunrisers Hyderabad,Sharjah Cricket Stadium,field,0,0.4,0.2,0.2,0.4444444444444444,0.8,0.4,1
2021-09-25,Delhi Capitals,Rajasthan Royals,"Zayed Cricket Stadium, Abu Dhabi",field,0,0.8,0.6,0.20000000000000007,0.4782608695652174,0.5,0.5,1
2021-09-26,Royal Challengers Bengaluru,Mumbai Indians,Dubai International Cricket Stadium,field,0,0.2,0.4,-0.2,0.37037037037037035,0.5,0.42857142857142855,1
2021-09-26,Kolkata Knight Riders,Chennai Super Kings,"Zayed Cricket Stadium, Abu Dhabi",bat,1,0.6,0.8,-0.20000000000000007,0.34782608695652173,1.0,0.5,0
2021-09-27,Rajasthan Royals,Sunrisers Hyderabad,Dubai International Cricket Stadium,bat,1,0.6,0.2,0.39999999999999997,0.6086956521739131,0.25,0.5454545454545454,0
2021-09-28,Delhi Capitals,Kolkata Knight Riders,Sharjah Cricket Stadium,field,0,0.8,0.6,0.20000000000000007,0.44,0.8,0.25,0
2021-09-28,Punjab Kings,Mumbai Indians,"Zayed Cricket Stadium, Abu Dhabi",field,0,0.4,0.4,0.0,0.46153846153846156,0.5,0.0,0
2021-09-29,Rajasthan Royals,Royal Challengers Bengaluru,Dubai International Cricket Stadium,field,0,0.4,0.4,0.0,0.47619047619047616,0.2222222222222222,0.5555555555555556,0
2021-09-30,Sunrisers Hyderabad,Chennai Super Kings,Sharjah Cricket Stadium,field,0,0.2,0.8,-0.6000000000000001,0.32,0.3333333333333333,0.4,0
2021-10-01,Kolkata Knight Riders,Punjab Kings,Dubai International Cricket Stadium,field,0,0.6,0.4,0.19999999999999996,0.6785714285714286,0.5,0.5714285714285714,0
2021-10-02,Mumbai Indians,Delhi Capitals,Sharjah Cricket Stadium,field,0,0.4,0.8,-0.4,0.5517241379310345,0.5,0.6666666666666666,0
2021-10-02,Chennai Super Kings,Rajasthan Royals,"Zayed Cricket Stadium, Abu Dhabi",field,0,0.8,0.4,0.4,0.625,1.0,0.0,0
2021-10-03,Royal Challengers Bengaluru,Punjab Kings,Sharjah Cricket Stadium,bat,1,0.4,0.4,0.0,0.4444444444444444,0.3333333333333333,0.8333333333333334,1
2021-10-03,Sunrisers Hyderabad,Kolkata Knight Riders,Dubai International Cricket Stadium,bat,1,0.2,0.6,-0.39999999999999997,0.32142857142857145,0.5833333333333334,0.4,0
2021-10-04,Chennai Super Kings,Delhi Capitals,Dubai International Cricket Stadium,field,0,0.8,0.8,0.0,0.625,0.7,0.45454545454545453,0
2021-10-05,Rajasthan Royals,Mumbai Indians,Sharjah Cricket Stadium,field,0,0.4,0.2,0.2,0.4782608695652174,0.5,0.4,0
2021-10-06,Sunrisers Hyderabad,Royal Challengers Bengaluru,"Zayed Cricket Stadium, Abu Dhabi",field,0,0.2,0.6,-0.39999999999999997,0.5357142857142857,0.5,0.0,1
2021-10-07,Kolkata Knight Riders,Rajasthan Royals,Sharjah Cricket Stadium,field,0,0.6,0.2,0.39999999999999997,0.5714285714285714,0.4,0.4,1
2021-10-07,Chennai Super Kings,Punjab Kings,Dubai International Cricket Stadium,field,0,0.6,0.4,0.19999999999999996,0.6521739130434783,0.6363636363636364,0.625,0
2021-10-08,Mumbai Indians,Sunrisers Hyderabad,"Zayed Cricket Stadium, Abu Dhabi",bat,1,0.4,0.4,0.0,0.5384615384615384,0.5,1.0,1
2021-10-08,Delhi Capitals,Royal Challengers Bengaluru,Dubai International Cricket Stadium,field,0,0.8,0.6,0.20000000000000007,0.4166666666666667,0.5,0.6,0
2021-10-10,Delhi Capitals,Chennai Super Kings,Dubai International Cricket Stadium,field,0,0.6,0.4,0.19999999999999996,0.4,0.46153846153846156,0.5833333333333334,0
2021-10-11,Royal Challengers Bengaluru,Kolkata Knight Riders,Sharjah Cricket Stadium,bat,1,0.8,0.6,0.20000000000000007,0.4642857142857143,0.42857142857142855,0.5,0
2021-10-13,Delhi Capitals,Kolkata Knight Riders,Sharjah Cricket Stadium,field,0,0.4,0.8,-0.4,0.4230769230769231,0.7142857142857143,0.5714285714285714,0
2021-10-15,Chennai Super Kings,Kolkata Knight Riders,Dubai International Cricket Stadium,field,0,0.4,0.8,-0.4,0.6666666666666666,0.6153846153846154,0.5,1
2022-03-26,Chennai Super Kings,Kolkata Knight Riders,"Wankhede Stadium, Mumbai",field,0,0.4,0.8,-0.4,0.68,0.8,0.0,0
2022-03-27,Mumbai Indians,Delhi Capitals,"Brabourne Stadium, Mumbai",field,0,0.6,0.4,0.19999999999999996,0.5333333333333333,1.0,0.5,0
2022-03-27,Royal Challengers Bengaluru,Punjab Kings,"Dr DY Patil Sports Academy, Mumbai",field,0,0.6,0.6,0.0,0.4642857142857143,0.5,0.5,0
2022-03-28,Lucknow Super Giants,Gujarat Titans,"Wankhede Stadium, Mumbai",field,0,0.5,0.5,0.0,0.5,0.5,0.5,0
2022-03-29,Rajasthan Royals,Sunrisers Hyderabad,"Maharashtra Cricket Association Stadium, Pune",field,0,0.2,0.4,-0.2,0.5833333333333334,0.5,0.5,1
2022-03-30,Kolkata Knight Riders,Royal Challengers Bengaluru,"Dr DY Patil Sports Academy, Mumbai",field,0,0.8,0.4,0.4,0.5517241379310345,0.5,0.0,0
2022-03-31,Chennai Super Kings,Lucknow Super Giants,"Brabourne Stadium, Mumbai",field,0,0.4,0.0,0.4,0.5,0.0,0.5,0
2022-04-01,Punjab Kings,Kolkata Knight Riders,"Wankhede Stadium, Mumbai",field,0,0.6,0.6,0.0,0.3448275862068966,0.3333333333333333,0.3333333333333333,0
2022-04-02,Gujarat Titans,Delhi Capitals,"Maharashtra Cricket Association Stadium, Pune",field,0,1.0,0.4,0.6,0.5,0.5,0.5,1
2022-04-02,Rajasthan Royals,Mumbai Indians,"Dr DY Patil Sports Academy, Mumbai",field,0,0.4,0.6,-0.19999999999999996,0.4583333333333333,0.5,0.5,1
2022-04-03,Punjab Kings,Chennai Super Kings,"Brabourne Stadium, Mumbai",field,0,0.6,0.4,0.19999999999999996,0.375,0.5,0.0,1
2022-04-04,Lucknow Super Giants,Sunrisers Hyderabad,"Dr DY Patil Sports Academy, Mumbai",field,0,0.5,0.2,0.3,0.5,0.5,0.5,1
2022-04-05,Rajasthan Royals,Royal Challengers Bengaluru,"Wankhede Stadium, Mumbai",field,0,0.6,0.4,0.19999999999999996,0.45454545454545453,0.4,0.5,0
2022-04-06,Mumbai Indians,Kolkata Knight Riders,"Maharashtra Cricket Association Stadium, Pune",field,0,0.4,0.6,-0.19999999999999996,0.7586206896551724,0.5,0.5,0
2022-04-07,Delhi Capitals,Lucknow Super Giants,"Dr DY Patil Sports Academy, Mumbai",field,0,0.2,0.6666666666666666,-0.4666666666666666,0.5,0.5,1.0,0
2022-04-08,Punjab Kings,Gujarat Titans,"Brabourne Stadium, Mumbai",field,0,0.6,1.0,-0.4,0.5,1.0,0.5,0
2022-04-09,Mumbai Indians,Royal Challengers Bengaluru,"Maharashtra Cricket Association Stadium, Pune",field,0,0.4,0.6,-0.19999999999999996,0.6071428571428571,0.0,0.5,0
2022-04-09,Chennai Super Kings,Sunrisers Hyderabad,"Dr DY Patil Sports Academy, Mumbai",field,0,0.4,0.2,0.2,0.6923076923076923,0.5,0.0,0
2022-04-10,Rajasthan Royals,Lucknow Super Giants,"Wankhede Stadium, Mumbai",field,0,0.4,0.75,-0.35,0.5,0.3333333333333333,0.0,1
2022-04-10,Delhi Capitals,Kolkata Knight Riders,"Brabourne Stadium, Mumbai",field,0,0.2,0.6,-0.39999999999999997,0.4074074074074074,1.0,0.5,1
2022-04-11,Gujarat Titans,Sunrisers Hyderabad,"Dr DY Patil Sports Academy, Mumbai",field,0,1.0,0.4,0.6,0.5,0.5,0.5,0
2022-04-12,Chennai Super Kings,Royal Challengers Bengaluru,"Dr DY Patil Sports Academy, Mumbai",field,0,0.2,0.6,-0.39999999999999997,0.6666666666666666,0.0,0.5,1
2022-04-13,Punjab Kings,Mumbai Indians,"Maharashtra Cricket Association Stadium, Pune",field,0,0.6,0.2,0.39999999999999997,0.4444444444444444,0.5,0.0,1
2022-04-14,Gujarat Titans,Rajasthan Royals,"Dr DY Patil Sports Academy, Mumbai",field,0,0.75,0.6,0.15000000000000002,0.5,0.0,1.0,1
2022-04-15,Kolkata Knight Riders,Sunrisers Hyderabad,"Brabourne Stadium, Mumbai",field,0,0.6,0.4,0.19999999999999996,0.6896551724137931,0.0,0.5,0
2022-04-16,Lucknow Super Giants,Mumbai Indians,"Brabourne Stadium, Mumbai",field,0,0.6,0.0,0.6,0.5,1.0,0.5,1
2022-04-16,Royal Challengers Bengaluru,Delhi Capitals,"Wankhede Stadium, Mumbai",field,0,0.6,0.4,0.19999999999999996,0.6,0.6666666666666666,0.6666666666666666,1
2022-04-17,Punjab Kings,Sunrisers Hyderabad,"Dr DY Patil Sports Academy, Mumbai",field,0,0.6,0.6,0.0,0.4642857142857143,1.0,0.6666666666666666,0
2022-04-17,Chennai Super Kings,Gujarat Titans,"Maharashtra Cricket Association Stadium, Pune",field,0,0.2,0.8,-0.6000000000000001,0.5,0.5,1.0,0
2022-04-18,Rajasthan Royals,Kolkata Knight Riders,"Brabourne Stadium, Mumbai",field,0,0.6,0.4,0.19999999999999996,0.4090909090909091,0.5,0.0,1
2022-04-19,Royal Challengers Bengaluru,Lucknow Super Giants,"Dr DY Patil Sports Academy, Mumbai",field,0,0.8,0.8,0.0,0.5,0.3333333333333333,1.0,1
2022-04-20,Punjab Kings,Delhi Capitals,"Brabourne Stadium, Mumbai",field,0,0.4,0.4,0.0,0.5555555555555556,0.5,1.0,0
2022-04-21,Mumbai Indians,Chennai Super Kings,"Dr DY Patil Sports Academy, Mumbai",field,0,0.0,0.2,-0.2,0.59375,0.0,0.5,0
2022-04-22,Rajasthan Royals,Delhi Capitals,"Wankhede Stadium, Mumbai",field,0,0.6,0.4,0.19999999999999996,0.5,0.42857142857142855,0.5,1
2022-04-23,Royal Challengers Bengaluru,Sunrisers Hyderabad,"Brabourne Stadium, Mumbai",field,0,0.8,0.8,0.0,0.4482758620689655,0.5,1.0,0
2022-04-23,Gujarat Titans,Kolkata Knight Riders,"Dr DY Patil Sports Academy, Mumbai",bat,1,0.8,0.4,0.4,0.5,0.5,0.0,1
2022-04-24,Lucknow Super Giants,Mumbai Indians,"Wankhede Stadium, Mumbai",field,0,0.6,0.0,0.6,1.0,0.0,0.5,1
2022-04-25,Punjab Kings,Chennai Super Kings,"Wankhede Stadium, Mumbai",field,0,0.4,0.4,0.0,0.4,0.25,0.6666666666666666,1
2022-04-26,Rajasthan Royals,Royal Challengers Bengaluru,"Maharashtra Cricket Association Stadium, Pune",field,0,0.6,0.6,0.0,0.43478260869565216,1.0,1.0,1
2022-04-27,Sunrisers Hyderabad,Gujarat Titans,"Wankhede Stadium, Mumbai",field,0,1.0,0.8,0.19999999999999996,1.0,0.5,1.0,0
2022-04-28,Kolkata Knight Riders,Delhi Capitals,"Wankhede Stadium, Mumbai",field,0,0.2,0.4,-0.2,0.5714285714285714,0.5,0.4,0
2022-04-29,Lucknow Super Giants,Punjab Kings,"Maharashtra Cricket Association Stadium, Pune",field,0,0.6,0.4,0.19999999999999996,0.5,0.5,1.0,1
2022-04-30,Royal Challengers Bengaluru,Gujarat Titans,"Brabourne Stadium, Mumbai",bat,1,0.4,0.8,-0.4,0.5,0.0,1.0,0
2022-04-30,Rajasthan Royals,Mumbai Indians,"Dr DY Patil Sports Academy, Mumbai",field,0,0.8,0.0,0.8,0.48,0.5,0.0,0
2022-05-01,Lucknow Super Giants,Delhi Capitals,"Wankhede Stadium, Mumbai",bat,1,0.6,0.6,0.0,1.0,0.3333333333333333,0.5,1
2022-05-01,Chennai Super Kings,Sunrisers Hyderabad,"Maharashtra Cricket Association Stadium, Pune",field,0,0.4,0.8,-0.4,0.6666666666666666,0.0,0.0,1
2022-05-02,Rajasthan Royals,Kolkata Knight Riders,"Wankhede Stadium, Mumbai",field,0,0.6,0.0,0.6,0.43478260869565216,0.5,0.4,0
2022-05-03,Gujarat Titans,Punjab Kings,"Dr DY Patil Sports Academy, Mumbai",bat,1,1.0,0.4,0.6,1.0,0.6666666666666666,0.5,0
2022-05-04,Royal Challengers Bengaluru,Chennai Super Kings,"Maharashtra Cricket Association Stadium, Pune",field,0,0.4,0.6,-0.19999999999999996,0.32142857142857145,0.5,0.5,1
2022-05-05,Delhi Capitals,Sunrisers Hyderabad,"Brabourne Stadium, Mumbai",field,0,0.4,0.6,-0.19999999999999996,0.5,1.0,1.0,1
2022-05-06,Mumbai Indians,Gujarat Titans,"Brabourne Stadium, Mumbai",field,0,0.2,0.8,-0.6000000000000001,0.5,0.3333333333333333,1.0,1
2022-05-07,Lucknow Super Giants,Kolkata Knight Riders,"Maharashtra Cricket Association Stadium, Pune",field,0,0.8,0.2,0.6000000000000001,0.5,1.0,1.0,1
2022-05-07,Punjab Kings,Rajasthan Royals,"Wankhede Stadium, Mumbai",bat,1,0.4,0.6,-0.19999999999999996,0.4090909090909091,0.4,0.4444444444444444,0
2022-05-08,Chennai Super Kings,Delhi Capitals,"Dr DY Patil Sports Academy, Mumbai",field,0,0.4,0.6,-0.19999999999999996,0.6153846153846154,0.6666666666666666,0.0,1
2022-05-08,Royal Challengers Bengaluru,Sunrisers Hyderabad,"Wankhede Stadium, Mumbai",bat,1,0.4,0.4,0.0,0.43333333333333335,0.75,0.0,1
2022-05-09,Kolkata Knight Riders,Mumbai Indians,"Dr DY Patil Sports Academy, Mumbai",field,0,0.2,0.4,-0.2,0.26666666666666666,0.0,0.3333333333333333,1
2022-05-10,Gujarat Titans,Lucknow Super Giants,"Maharashtra Cricket Association Stadium, Pune",bat,1,0.6,0.8,-0.20000000000000007,1.0,1.0,1.0,1
2022-05-11,Rajasthan Royals,Delhi Capitals,"Dr DY Patil Sports Academy, Mumbai",field,0,0.6,0.4,0.19999999999999996,0.52,0.3333333333333333,0.0,0
2022-05-12,Chennai Super Kings,Mumbai Indians,"Wankhede Stadium, Mumbai",field,0,0.6,0.4,0.19999999999999996,0.42424242424242425,0.5714285714285714,0.0,0
2022-05-13,Punjab Kings,Royal Challengers Bengaluru,"Brabourne Stadium, Mumbai",field,0,0.4,0.4,0.0,0.5517241379310345,0.3333333333333333,0.0,1
2022-05-14,Kolkata Knight Riders,Sunrisers Hyderabad,"Maharashtra Cricket Association Stadium, Pune",bat,1,0.4,0.2,0.2,0.6666666666666666,0.5,0.0,1
2022-05-15,Chennai Super Kings,Gujarat Titans,"Wankhede Stadium, Mumbai",bat,1,0.4,0.6,-0.19999999999999996,0.0,0.5,1.0,0
2022-05-15,Rajasthan Royals,Lucknow Super Giants,"Brabourne Stadium, Mumbai",bat,1,0.4,0.8,-0.4,1.0,1.0,1.0,1
2022-05-16,Delhi Capitals,Punjab Kings,"Dr DY Patil Sports Academy, Mumbai",field,0,0.6,0.6,0.0,0.4642857142857143,0.3333333333333333,0.6666666666666666,1
2022-05-17,Sunrisers Hyderabad,Mumbai Indians,"Wankhede Stadium, Mumbai",field,0,0.0,0.6,-0.6,0.4444444444444444,0.0,0.5,1
2022-05-18,Lucknow Super Giants,Kolkata Knight Riders,"Dr DY Patil Sports Academy, Mumbai",bat,1,0.6,0.6,0.0,1.0,0.6666666666666666,0.3333333333333333,1
2022-05-19,Gujarat Titans,Royal Challengers Bengaluru,"Wankhede Stadium, Mumbai",bat,1,0.6,0.4,0.19999999999999996,1.0,1.0,0.8,0
2022-05-20,Chennai Super Kings,Rajasthan Royals,"Brabourne Stadium, Mumbai",bat,1,0.4,0.4,0.0,0.6,0.0,1.0,0
2022-05-21,Delhi Capitals,Mumbai Indians,"Wankhede Stadium, Mumbai",field,0,0.6,0.6,0.0,0.4838709677419355,0.42857142857142855,0.3333333333333333,0
2022-05-22,Sunrisers Hyderabad,Punjab Kings,"Wankhede Stadium, Mumbai",bat,1,0.2,0.4,-0.2,0.5517241379310345,0.3333333333333333,0.3333333333333333,0
2022-05-24,Rajasthan Royals,Gujarat Titans,"Eden Gardens, Kolkata",field,0,0.6,0.4,0.19999999999999996,0.0,0.5,0.5,0
2022-05-25,Royal Challengers Bengaluru,Lucknow Super Giants,"Eden Gardens, Kolkata",field,0,0.6,0.6,0.0,1.0,0.5,0.5,1
2022-05-27,Royal Challengers Bengaluru,Rajasthan Royals,"Narendra Modi Stadium, Ahmedabad",field,0,0.8,0.6,0.20000000000000007,0.5416666666666666,0.5,0.5,0
2022-05-29,Rajasthan Royals,Gujarat Titans,"Narendra Modi Stadium, Ahmedabad",bat,1,0.6,0.6,0.0,0.0,1.0,0.5,0
2023-03-31,Chennai Super Kings,Gujarat Titans,"Narendra Modi Stadium, Ahmedabad",field,0,0.2,0.8,-0.6000000000000001,0.0,0.5,1.0,0
2023-04-01,Punjab Kings,Kolkata Knight Riders,"Punjab Cricket Association IS Bindra Stadium, Mohali, Chandigarh",field,0,0.6,0.6,0.0,0.3333333333333333,0.5,0.5,1
2023-04-01,Lucknow Super Giants,Delhi Capitals,"Bharat Ratna Shri Atal Bihari Vajpayee Ekana Cricket Stadium, Lucknow",field,0,0.4,0.6,-0.19999999999999996,1.0,0.5,0.5,1
2023-04-02,Rajasthan Royals,Sunrisers Hyderabad,"Rajiv Gandhi International Stadium, Uppal, Hyderabad",field,0,0.6,0.2,0.39999999999999997,0.6,0.5,0.5,1
2023-04-02,Mumbai Indians,Royal Challengers Bengaluru,"M Chinnaswamy Stadium, Bengaluru",field,0,0.6,0.6,0.0,0.5862068965517241,0.5,0.5,0
2023-04-03,Chennai Super Kings,Lucknow Super Giants,MA Chidambaram Stadium,field,0,0.2,0.4,-0.2,0.0,0.7272727272727273,0.5,1
2023-04-04,Delhi Capitals,Gujarat Titans,"Arun Jaitley Stadium, Delhi",field,0,0.4,0.8,-0.4,0.0,0.5,0.5,0
2023-04-05,Punjab Kings,Rajasthan Royals,"Barsapara Cricket Stadium, Guwahati",field,0,0.6,0.6,0.0,0.391304347826087,0.5,0.5,1
2023-04-06,Kolkata Knight Riders,Royal Challengers Bengaluru,"Eden Gardens, Kolkata",field,0,0.4,0.6,-0.19999999999999996,0.5333333333333333,0.5,1.0,1
2023-04-07,Sunrisers Hyderabad,Lucknow Super Giants,"Bharat Ratna Shri Atal Bihari Vajpayee Ekana Cricket Stadium, Lucknow",bat,1,0.2,0.4,-0.2,0.0,0.5,1.0,0
2023-04-08,Rajasthan Royals,Delhi Capitals,"Barsapara Cricket Stadium, Guwahati",field,0,0.4,0.4,0.0,0.5,0.0,0.5,1
2023-04-08,Mumbai Indians,Chennai Super Kings,"Wankhede Stadium, Mumbai",field,0,0.4,0.2,0.2,0.5882352941176471,0.5,0.4444444444444444,0
2023-04-09,Gujarat Titans,Kolkata Knight Riders,"Narendra Modi Stadium, Ahmedabad",bat,1,0.8,0.6,0.20000000000000007,1.0,1.0,0.5,0
2023-04-09,Punjab Kings,Sunrisers Hyderabad,"Rajiv Gandhi International Stadium, Uppal, Hyderabad",field,0,0.8,0.2,0.6000000000000001,0.4666666666666667,0.5,0.0,0
2023-04-10,Royal Challengers Bengaluru,Lucknow Super Giants,"M Chinnaswamy Stadium, Bengaluru",field,0,0.6,0.6,0.0,1.0,1.0,0.5,0
2023-04-11,Delhi Capitals,Mumbai Indians,"Arun Jaitley Stadium, Delhi",field,0,0.2,0.4,-0.2,0.46875,0.0,1.0,0
2023-04-12,Rajasthan Royals,Chennai Super Kings,MA Chidambaram Stadium,field,0,0.6,0.4,0.19999999999999996,0.4230769230769231,0.14285714285714285,0.7321428571428571,1
2023-04-13,Punjab Kings,Gujarat Titans,"Punjab Cricket Association IS Bindra Stadium, Mohali, Chandigarh",field,0,0.6,0.8,-0.20000000000000007,0.5,1.0,0.5,0
2023-04-14,Sunrisers Hyderabad,Kolkata Knight Riders,"Eden Gardens, Kolkata",field,0,0.4,0.6,-0.19999999999999996,0.3225806451612903,0.5,1.0,1
2023-04-15,Lucknow Super Giants,Punjab Kings,"Bharat Ratna Shri Atal Bihari Vajpayee Ekana Cricket Stadium, Lucknow",field,0,0.6,0.6,0.0,1.0,1.0,0.5,0
2023-04-15,Royal Challengers Bengaluru,Delhi Capitals,"M Chinnaswamy Stadium, Bengaluru",field,0,0.4,0.0,0.4,0.6153846153846154,0.5,0.5,1
2023-04-16,Gujarat Titans,Rajasthan Royals,"Narendra Modi Stadium, Ahmedabad",field,0,0.8,0.6,0.20000000000000007,1.0,0.6666666666666666,0.5,0
2023-04-16,Kolkata Knight Riders,Mumbai Indians,"Wankhede Stadium, Mumbai",field,0,0.4,0.4,0.0,0.2903225806451613,0.5,0.4,0
2023-04-17,Chennai Super Kings,Royal Challengers Bengaluru,"M Chinnaswamy Stadium, Bengaluru",field,0,0.4,0.4,0.0,0.6551724137931034,0.5,0.6666666666666666,1
2023-04-18,Mumbai Indians,Sunrisers Hyderabad,"Rajiv Gandhi International Stadium, Uppal, Hyderabad",field,0,0.6,0.4,0.19999999999999996,0.5357142857142857,0.5,0.5,1
2023-04-19,Lucknow Super Giants,Rajasthan Royals,"Sawai Mansingh Stadium, Jaipur",field,0,0.6,0.8,-0.20000000000000007,0.0,0.5,0.5,1
2023-04-20,Kolkata Knight Riders,Delhi Capitals,"Arun Jaitley Stadium, Delhi",field,0,0.4,0.0,0.4,0.5517241379310345,0.5,0.0,0
2023-04-20,Royal Challengers Bengaluru,Punjab Kings,"Punjab Cricket Association IS Bindra Stadium, Mohali, Chandigarh",field,0,0.4,0.6,-0.19999999999999996,0.43333333333333335,0.5,0.5,1
2023-04-21,Sunrisers Hyderabad,Chennai Super Kings,MA Chidambaram Stadium,field,0,0.4,0.6,-0.19999999999999996,0.32142857142857145,0.2727272727272727,0.7192982456140351,0
2023-04-22,Gujarat Titans,Lucknow Super Giants,"Bharat Ratna Shri Atal Bihari Vajpayee Ekana Cricket Stadium, Lucknow",bat,1,0.6,0.6,0.0,1.0,0.5,0.6666666666666666,1
2023-04-22,Punjab Kings,Mumbai Indians,"Wankhede Stadium, Mumbai",field,0,0.4,0.6,-0.19999999999999996,0.4642857142857143,0.42857142857142855,0.5,1
2023-04-23,Chennai Super Kings,Kolkata Knight Riders,"Eden Gardens, Kolkata",field,0,0.8,0.4,0.4,0.6538461538461539,0.5,0.5,1
2023-04-23,Royal Challengers Bengaluru,Rajasthan Royals,"M Chinnaswamy Stadium, Bengaluru",field,0,0.4,0.6,-0.19999999999999996,0.52,0.5,0.5,1
2023-04-24,Delhi Capitals,Sunrisers Hyderabad,"Rajiv Gandhi International Stadium, Uppal, Hyderabad",bat,1,0.2,0.4,-0.2,0.5161290322580645,0.5,0.3333333333333333,1
2023-04-25,Gujarat Titans,Mumbai Indians,"Narendra Modi Stadium, Ahmedabad",field,0,0.6,0.6,0.0,0.0,0.5,0.5,1
2023-04-26,Kolkata Knight Riders,Royal Challengers Bengaluru,"M Chinnaswamy Stadium, Bengaluru",field,0,0.2,0.6,-0.39999999999999997,0.5483870967741935,0.5,0.6,1
2023-04-27,Rajasthan Royals,Chennai Super Kings,"Sawai Mansingh Stadium, Jaipur",bat,1,0.6,0.8,-0.20000000000000007,0.4444444444444444,0.0,0.5,1
2023-04-28,Lucknow Super Giants,Punjab Kings,"Punjab Cricket Association IS Bindra Stadium, Mohali, Chandigarh",field,0,0.6,0.4,0.19999999999999996,0.5,0.5,0.3333333333333333,1
2023-04-29,Kolkata Knight Riders,Gujarat Titans,"Eden Gardens, Kolkata",field,0,0.2,0.6,-0.39999999999999997,0.5,0.3333333333333333,1.0,0
2023-04-29,Sunrisers Hyderabad,Delhi Capitals,"Arun Jaitley Stadium, Delhi",bat,1,0.4,0.4,0.0,0.46875,0.0,0.3333333333333333,1
2023-04-30,Chennai Super Kings,Punjab Kings,MA Chidambaram Stadium,bat,1,0.6,0.4,0.19999999999999996,0.5769230769230769,0.7241379310344828,0.2857142857142857,0
2023-04-30,Rajasthan Royals,Mumbai Indians,"Wankhede Stadium, Mumbai",bat,1,0.6,0.6,0.0,0.46153846153846156,0.5,0.42857142857142855,0
2023-05-01,Royal Challengers Bengaluru,Lucknow Super Giants,"Bharat Ratna Shri Atal Bihari Vajpayee Ekana Cricket Stadium, Lucknow",bat,1,0.6,0.6,0.0,0.6666666666666666,0.5,0.5,1
2023-05-02,Delhi Capitals,Gujarat Titans,"Narendra Modi Stadium, Ahmedabad",bat,1,0.4,0.8,-0.4,0.0,0.6666666666666666,0.6,1
2023-05-03,Punjab Kings,Mumbai Indians,"Punjab Cricket Association IS Bindra Stadium, Mohali, Chandigarh",field,0,0.6,0.6,0.0,0.4827586206896552,0.25,0.5,0
2023-05-04,Kolkata Knight Riders,Sunrisers Hyderabad,"Rajiv Gandhi International Stadium, Uppal, Hyderabad",bat,1,0.2,0.4,-0.2,0.65625,0.5,0.25,1
2023-05-05,Rajasthan Royals,Gujarat Titans,"Sawai Mansingh Stadium, Jaipur",bat,1,0.4,0.6,-0.19999999999999996,0.25,0.5,0.5,0
2023-05-06,Royal Challengers Bengaluru,Delhi Capitals,"Arun Jaitley Stadium, Delhi",bat,1,0.6,0.6,0.0,0.6296296296296297,0.5,0.25,0
2023-05-06,Mumbai Indians,Chennai Super Kings,MA Chidambaram Stadium,field,0,0.6,0.6,0.0,0.5714285714285714,0.5384615384615384,0.711864406779661,0
2023-05-07,Gujarat Titans,Lucknow Super Giants,"Narendra Modi Stadium, Ahmedabad",field,0,0.8,0.4,0.4,1.0,0.5,0.5,1
2023-05-07,Rajasthan Royals,Sunrisers Hyderabad,"Sawai Mansingh Stadium, Jaipur",bat,1,0.2,0.2,0.0,0.6153846153846154,0.3333333333333333,0.5,0
2023-05-08,Punjab Kings,Kolkata Knight Riders,"Eden Gardens, Kolkata",bat,1,0.4,0.4,0.0,0.3548387096774194,0.5,0.25,0
2023-05-09,Royal Challengers Bengaluru,Mumbai Indians,"Wankhede Stadium, Mumbai",field,0,0.6,0.4,0.19999999999999996,0.43333333333333335,0.8333333333333334,0.5,0
2023-05-10,Chennai Super Kings,Delhi Capitals,MA Chidambaram Stadium,bat,1,0.6,0.8,-0.20000000000000007,0.6296296296296297,0.7166666666666667,0.3333333333333333,1
2023-05-11,Kolkata Knight Riders,Rajasthan Royals,"Eden Gardens, Kolkata",field,0,0.6,0.2,0.39999999999999997,0.5833333333333334,0.4,0.0,0
2023-05-12,Mumbai Indians,Gujarat Titans,"Wankhede Stadium, Mumbai",field,0,0.6,0.8,-0.20000000000000007,0.5,0.5555555555555556,0.75,1
2023-05-13,Punjab Kings,Delhi Capitals,"Arun Jaitley Stadium, Delhi",field,0,0.4,0.6,-0.19999999999999996,0.5172413793103449,0.5,0.4,1
2023-05-13,Sunrisers Hyderabad,Lucknow Super Giants,"Rajiv Gandhi International Stadium, Uppal, Hyderabad",bat,1,0.4,0.4,0.0,0.0,0.2,0.5,0
2023-05-14,Royal Challengers Bengaluru,Rajasthan Royals,"Sawai Mansingh Stadium, Jaipur",bat,1,0.4,0.4,0.0,0.5384615384615384,0.5,0.25,1
2023-05-14,Chennai Super Kings,Kolkata Knight Riders,MA Chidambaram Stadium,bat,1,0.6,0.6,0.0,0.6666666666666666,0.7213114754098361,0.25,0
2023-05-15,Gujarat Titans,Sunrisers Hyderabad,"Narendra Modi Stadium, Ahmedabad",field,0,0.6,0.4,0.19999999999999996,0.5,0.5714285714285714,0.5,1
2023-05-16,Lucknow Super Giants,Mumbai Indians,"Bharat Ratna Shri Atal Bihari Vajpayee Ekana Cricket Stadium, Lucknow",field,0,0.4,0.8,-0.4,1.0,0.4,0.5,1
2023-05-17,Delhi Capitals,Punjab Kings,"Himachal Pradesh Cricket Association Stadium, Dharamsala",field,0,0.4,0.4,0.0,0.4666666666666667,0.5,0.5,1
2023-05-18,Sunrisers Hyderabad,Royal Challengers Bengaluru,"Rajiv Gandhi International Stadium, Uppal, Hyderabad",field,0,0.4,0.4,0.0,0.5483870967741935,0.16666666666666666,0.5,0
2023-05-19,Punjab Kings,Rajasthan Royals,"Himachal Pradesh Cricket Association Stadium, Dharamsala",field,0,0.4,0.2,0.2,0.4166666666666667,0.0,0.5,0
2023-05-20,Lucknow Super Giants,Kolkata Knight Riders,"Eden Gardens, Kolkata",field,0,0.6,0.6,0.0,1.0,0.0,0.3333333333333333,1
2023-05-20,Chennai Super Kings,Delhi Capitals,"Arun Jaitley Stadium, Delhi",bat,1,0.4,0.6,-0.19999999999999996,0.6428571428571429,0.5,0.3333333333333333,1
2023-05-21,Sunrisers Hyderabad,Mumbai Indians,"Wankhede Stadium, Mumbai",field,0,0.2,0.6,-0.39999999999999997,0.4482758620689655,0.25,0.6,0
2023-05-21,Royal Challengers Bengaluru,Gujarat Titans,"M Chinnaswamy Stadium, Bengaluru",field,0,0.6,0.6,0.0,0.5,0.5,0.5,0
2023-05-23,Chennai Super Kings,Gujarat Titans,MA Chidambaram Stadium,field,0,0.6,0.8,-0.20000000000000007,0.0,0.7096774193548387,0.5,1
2023-05-24,Mumbai Indians,Lucknow Super Giants,MA Chidambaram Stadium,bat,1,0.6,0.6,0.0,0.0,0.5,0.0,1
2023-05-26,Gujarat Titans,Mumbai Indians,"Narendra Modi Stadium, Ahmedabad",field,0,0.6,0.8,-0.20000000000000007,0.3333333333333333,0.625,0.0,1
2023-05-29,Gujarat Titans,Chennai Super Kings,"Narendra Modi Stadium, Ahmedabad",field,0,0.6,0.8,-0.20000000000000007,0.75,0.6666666666666666,0.0,0
2024-03-22,Royal Challengers Bengaluru,Chennai Super Kings,MA Chidambaram Stadium,bat,1,0.4,0.8,-0.4,0.3333333333333333,0.4166666666666667,0.7142857142857143,0
2024-03-23,Delhi Capitals,Punjab Kings,"Maharaja Yadavindra Singh International Cricket Stadium, Mullanpur",field,0,0.4,0.2,0.2,0.4838709677419355,0.5,0.5,0
2024-03-23,Kolkata Knight Riders,Sunrisers Hyderabad,"Eden Gardens, Kolkata",field,0,0.6,0.2,0.39999999999999997,0.6666666666666666,0.2857142857142857,1.0,1
2024-03-24,Rajasthan Royals,Lucknow Super Giants,"Sawai Mansingh Stadium, Jaipur",bat,1,0.4,0.6,-0.19999999999999996,0.6666666666666666,0.2,1.0,1
2024-03-24,Gujarat Titans,Mumbai Indians,"Narendra Modi Stadium, Ahmedabad",field,0,0.6,0.6,0.0,0.5,0.6,0.0,1
2024-03-25,Punjab Kings,Royal Challengers Bengaluru,"M Chinnaswamy Stadium, Bengaluru",field,0,0.4,0.4,0.0,0.5483870967741935,0.5,0.42857142857142855,0
2024-03-26,Chennai Super Kings,Gujarat Titans,MA Chidambaram Stadium,field,0,0.8,0.6,0.20000000000000007,0.4,0.71875,0.0,1
2024-03-27,Sunrisers Hyderabad,Mumbai Indians,"Rajiv Gandhi International Stadium, Uppal, Hyderabad",field,0,0.0,0.4,-0.4,0.43333333333333335,0.14285714285714285,1.0,1
2024-03-28,Rajasthan Royals,Delhi Capitals,"Sawai Mansingh Stadium, Jaipur",field,0,0.6,0.2,0.39999999999999997,0.5185185185185185,0.3333333333333333,0.5,1
2024-03-29,Royal Challengers Bengaluru,Kolkata Knight Riders,"M Chinnaswamy Stadium, Bengaluru",field,0,0.6,0.6,0.0,0.4375,0.5,1.0,0
2024-03-30,Lucknow Super Giants,Punjab Kings,"Bharat Ratna Shri Atal Bihari Vajpayee Ekana Cricket Stadium, Lucknow",bat,1,0.6,0.4,0.19999999999999996,0.6666666666666666,0.5,1.0,1
2024-03-31,Sunrisers Hyderabad,Gujarat Titans,"Narendra Modi Stadium, Ahmedabad",bat,1,0.2,0.4,-0.2,0.3333333333333333,0.0,0.6363636363636364,0
2024-03-31,Delhi Capitals,Chennai Super Kings,"Dr. Y.S. Rajasekhara Reddy ACA-VDCA Cricket Stadium, Visakhapatnam",bat,1,0.2,1.0,-0.8,0.3448275862068966,0.5,0.5,1
2024-04-01,Mumbai Indians,Rajasthan Royals,"Wankhede Stadium, Mumbai",field,0,0.4,0.8,-0.4,0.5555555555555556,0.6363636363636364,0.45454545454545453,0
2024-04-02,Lucknow Super Giants,Royal Challengers Bengaluru,"M Chinnaswamy Stadium, Bengaluru",field,0,0.6,0.4,0.19999999999999996,0.25,1.0,0.4444444444444444,1
2024-04-03,Kolkata Knight Riders,Delhi Capitals,"Dr. Y.S. Rajasekhara Reddy ACA-VDCA Cricket Stadium, Visakhapatnam",bat,1,0.6,0.4,0.19999999999999996,0.5333333333333333,0.5,1.0,1
2024-04-04,Gujarat Titans,Punjab Kings,"Narendra Modi Stadium, Ahmedabad",field,0,0.6,0.2,0.39999999999999997,0.6666666666666666,0.6666666666666666,0.3333333333333333,0
2024-04-05,Chennai Super Kings,Sunrisers Hyderabad,"Rajiv Gandhi International Stadium, Uppal, Hyderabad",field,0,0.8,0.2,0.6000000000000001,0.6896551724137931,0.5,0.25,0
2024-04-06,Royal Challengers Bengaluru,Rajasthan Royals,"Sawai Mansingh Stadium, Jaipur",field,0,0.2,0.8,-0.6000000000000001,0.5555555555555556,1.0,0.42857142857142855,0
2024-04-07,Lucknow Super Giants,Gujarat Titans,"Bharat Ratna Shri Atal Bihari Vajpayee Ekana Cricket Stadium, Lucknow",bat,1,0.6,0.4,0.19999999999999996,0.0,0.5714285714285714,1.0,1
2024-04-07,Mumbai Indians,Delhi Capitals,"Wankhede Stadium, Mumbai",field,0,0.2,0.2,0.0,0.5454545454545454,0.5833333333333334,0.375,1
2024-04-08,Kolkata Knight Riders,Chennai Super Kings,MA Chidambaram Stadium,field,0,0.8,0.6,0.20000000000000007,0.35714285714285715,0.3076923076923077,0.7230769230769231,0
2024-04-09,Sunrisers Hyderabad,Punjab Kings,"Maharaja Yadavindra Singh International Cricket Stadium, Mullanpur",field,0,0.4,0.4,0.0,0.5483870967741935,0.5,1.0,1
2024-04-10,Rajasthan Royals,Gujarat Titans,"Sawai Mansingh Stadium, Jaipur",field,0,1.0,0.4,0.6,0.2,0.5,1.0,0
2024-04-11,Royal Challengers Bengaluru,Mumbai Indians,"Wankhede Stadium, Mumbai",field,0,0.2,0.2,0.0,0.41935483870967744,0.7142857142857143,0.6153846153846154,0
2024-04-12,Lucknow Super Giants,Delhi Capitals,"Bharat Ratna Shri Atal Bihari Vajpayee Ekana Cricket Stadium, Lucknow",bat,1,0.6,0.2,0.39999999999999997,1.0,0.625,0.0,0
2024-04-13,Punjab Kings,Rajasthan Royals,"Maharaja Yadavindra Singh International Cricket Stadium, Mullanpur",field,0,0.4,0.8,-0.4,0.4,0.5,0.5,0
2024-04-14,Lucknow Super Giants,Kolkata Knight Riders,"Eden Gardens, Kolkata",field,0,0.6,0.6,0.0,1.0,0.5,0.375,0
2024-04-14,Chennai Super Kings,Mumbai Indians,"Wankhede Stadium, Mumbai",field,0,0.6,0.4,0.19999999999999996,0.4444444444444444,0.5,0.6428571428571429,1
2024-04-15,Sunrisers Hyderabad,Royal Challengers Bengaluru,"M Chinnaswamy Stadium, Bengaluru",field,0,0.6,0.2,0.39999999999999997,0.53125,0.5,0.4,1
2024-04-16,Kolkata Knight Riders,Rajasthan Royals,"Eden Gardens, Kolkata",field,0,0.8,0.8,0.0,0.56,0.4444444444444444,0.5,0
2024-04-17,Gujarat Titans,Delhi Capitals,"Narendra Modi Stadium, Ahmedabad",field,0,0.4,0.4,0.0,0.6666666666666666,0.6153846153846154,0.75,0
2024-04-18,Mumbai Indians,Punjab Kings,"Maharaja Yadavindra Singh International Cricket Stadium, Mullanpur",field,0,0.4,0.2,0.2,0.5333333333333333,0.5,0.3333333333333333,1
2024-04-19,Chennai Super Kings,Lucknow Super Giants,"Bharat Ratna Shri Atal Bihari Vajpayee Ekana Cricket Stadium, Lucknow",field,0,0.6,0.6,0.0,0.5,0.5,0.5555555555555556,0
2024-04-20,Sunrisers Hyderabad,Delhi Capitals,"Arun Jaitley Stadium, Delhi",field,0,0.8,0.6,0.20000000000000007,0.48484848484848486,0.3333333333333333,0.2857142857142857,1
2024-04-21,Punjab Kings,Gujarat Titans,"Maharaja Yadavindra Singh International Cricket Stadium, Mullanpur",bat,1,0.2,0.4,-0.2,0.5,0.25,0.5,0
2024-04-21,Kolkata Knight Riders,Royal Challengers Bengaluru,"Eden Gardens, Kolkata",field,0,0.6,0.0,0.6,0.5757575757575758,0.4,0.5,1
2024-04-22,Mumbai Indians,Rajasthan Royals,"Sawai Mansingh Stadium, Jaipur",bat,1,0.6,0.8,-0.20000000000000007,0.5357142857142857,0.5,0.4444444444444444,0
2024-04-23,Chennai Super Kings,Lucknow Super Giants,MA Chidambaram Stadium,field,0,0.4,0.6,-0.19999999999999996,0.3333333333333333,0.7272727272727273,0.0,0
2024-04-24,Delhi Capitals,Gujarat Titans,"Arun Jaitley Stadium, Delhi",field,0,0.4,0.4,0.0,0.5,0.25,1.0,1
2024-04-25,Royal Challengers Bengaluru,Sunrisers Hyderabad,"Rajiv Gandhi International Stadium, Uppal, Hyderabad",bat,1,0.0,0.8,-0.8,0.45454545454545453,1.0,0.3333333333333333,1
2024-04-26,Kolkata Knight Riders,Punjab Kings,"Eden Gardens, Kolkata",field,0,0.6,0.2,0.39999999999999997,0.65625,0.45454545454545453,0.0,0
2024-04-27,Lucknow Super Giants,Rajasthan Royals,"Bharat Ratna Shri Atal Bihari Vajpayee Ekana Cricket Stadium, Lucknow",field,0,0.6,0.8,-0.20000000000000007,0.25,0.6,0.5,0
2024-04-27,Delhi Capitals,Mumbai Indians,"Arun Jaitley Stadium, Delhi",field,0,0.6,0.6,0.0,0.4411764705882353,0.3333333333333333,1.0,1
2024-04-28,Chennai Super Kings,Sunrisers Hyderabad,MA Chidambaram Stadium,field,0,0.4,0.8,-0.4,0.6666666666666666,0.7164179104477612,0.25,1
2024-04-28,Gujarat Titans,Royal Challengers Bengaluru,"Narendra Modi Stadium, Ahmedabad",field,0,0.4,0.2,0.2,0.6666666666666666,0.5714285714285714,0.3333333333333333,0
2024-04-29,Delhi Capitals,Kolkata Knight Riders,"Eden Gardens, Kolkata",bat,1,0.8,0.4,0.4,0.45161290322580644,0.5,0.4166666666666667,0
2024-04-30,Mumbai Indians,Lucknow Super Giants,"Bharat Ratna Shri Atal Bihari Vajpayee Ekana Cricket Stadium, Lucknow",field,0,0.4,0.4,0.0,0.25,0.0,0.5454545454545454,0
2024-05-01,Chennai Super Kings,Punjab Kings,MA Chidambaram Stadium,field,0,0.6,0.2,0.39999999999999997,0.5555555555555556,0.7205882352941176,0.375,0
2024-05-02,Sunrisers Hyderabad,Rajasthan Royals,"Rajiv Gandhi International Stadium, Uppal, Hyderabad",bat,1,0.6,0.8,-0.20000000000000007,0.4074074074074074,0.3,1.0,1
2024-05-03,Kolkata Knight Riders,Mumbai Indians,"Wankhede Stadium, Mumbai",field,0,0.6,0.2,0.39999999999999997,0.28125,0.42857142857142855,0.6,1
2024-05-04,Gujarat Titans,Royal Challengers Bengaluru,"M Chinnaswamy Stadium, Bengaluru",field,0,0.4,0.4,0.0,0.5,1.0,0.36363636363636365,0
2024-05-05,Kolkata Knight Riders,Lucknow Super Giants,"Bharat Ratna Shri Atal Bihari Vajpayee Ekana Cricket Stadium, Lucknow",field,0,0.6,0.6,0.0,0.25,0.5,0.5833333333333334,1
2024-05-05,Chennai Super Kings,Punjab Kings,"Himachal Pradesh Cricket Association Stadium, Dharamsala",field,0,0.4,0.4,0.0,0.5357142857142857,0.5,0.0,1
2024-05-06,Sunrisers Hyderabad,Mumbai Indians,"Wankhede Stadium, Mumbai",field,0,0.6,0.2,0.39999999999999997,0.45161290322580644,0.2,0.5625,0
2024-05-07,Delhi Capitals,Rajasthan Royals,"Arun Jaitley Stadium, Delhi",field,0,0.6,0.8,-0.20000000000000007,0.4642857142857143,0.4,0.5,1
2024-05-08,Lucknow Super Giants,Sunrisers Hyderabad,"Rajiv Gandhi International Stadium, Uppal, Hyderabad",bat,1,0.6,0.4,0.19999999999999996,1.0,1.0,0.36363636363636365,0
2024-05-09,Royal Challengers Bengaluru,Punjab Kings,"Himachal Pradesh Cricket Association Stadium, Dharamsala",field,0,0.6,0.4,0.19999999999999996,0.46875,0.5,0.0,1
2024-05-10,Gujarat Titans,Chennai Super Kings,"Narendra Modi Stadium, Ahmedabad",field,0,0.2,0.4,-0.2,0.5,0.5333333333333333,0.5,1
2024-05-11,Kolkata Knight Riders,Mumbai Indians,"Eden Gardens, Kolkata",field,0,0.8,0.2,0.6000000000000001,0.30303030303030304,0.46153846153846156,0.5,1
2024-05-12,Royal Challengers Bengaluru,Delhi Capitals,"M Chinnaswamy Stadium, Bengaluru",field,0,0.8,0.6,0.20000000000000007,0.6071428571428571,0.4166666666666667,0.0,1
2024-05-12,Rajasthan Royals,Chennai Super Kings,MA Chidambaram Stadium,bat,1,0.6,0.4,0.19999999999999996,0.4642857142857143,0.25,0.7101449275362319,0
2024-05-14,Delhi Capitals,Lucknow Super Giants,"Arun Jaitley Stadium, Delhi",field,0,0.6,0.4,0.19999999999999996,0.25,0.45454545454545453,0.5,1
2024-05-15,Rajasthan Royals,Punjab Kings,"Barsapara Cricket Stadium, Guwahati",bat,1,0.4,0.4,0.0,0.6153846153846154,0.5,1.0,0
2024-05-17,Lucknow Super Giants,Mumbai Indians,"Wankhede Stadium, Mumbai",field,0,0.2,0.2,0.0,0.8,0.5,0.5882352941176471,1
2024-05-18,Royal Challengers Bengaluru,Chennai Super Kings,"M Chinnaswamy Stadium, Bengaluru",field,0,1.0,0.6,0.4,0.3225806451612903,0.46153846153846156,1.0,1
2024-05-19,Punjab Kings,Sunrisers Hyderabad,"Rajiv Gandhi International Stadium, Uppal, Hyderabad",bat,1,0.6,0.4,0.19999999999999996,0.4375,0.0,0.4166666666666667,0
2024-05-21,Sunrisers Hyderabad,Kolkata Knight Riders,"Narendra Modi Stadium, Ahmedabad",bat,1,0.6,0.8,-0.20000000000000007,0.3235294117647059,0.0,0.6666666666666666,0
2024-05-22,Royal Challengers Bengaluru,Rajasthan Royals,"Narendra Modi Stadium, Ahmedabad",field,0,1.0,0.2,0.8,0.5357142857142857,0.5,0.6666666666666666,0
2024-05-24,Sunrisers Hyderabad,Rajasthan Royals,MA Chidambaram Stadium,field,0,0.6,0.2,0.39999999999999997,0.42857142857142855,0.23076923076923078,0.2222222222222222,1
2024-05-26,Sunrisers Hyderabad,Kolkata Knight Riders,MA Chidambaram Stadium,bat,1,0.6,1.0,-0.4,0.3142857142857143,0.2857142857142857,0.2857142857142857,0
2025-03-22,Kolkata Knight Riders,Royal Challengers Bengaluru,"Eden Gardens, Kolkata",field,0,1.0,0.8,0.19999999999999996,0.5882352941176471,0.5,0.3333333333333333,0
2025-03-23,Sunrisers Hyderabad,Rajasthan Royals,"Rajiv Gandhi International Stadium, Uppal, Hyderabad",field,0,0.6,0.2,0.39999999999999997,0.4482758620689655,0.46153846153846156,0.5,1
2025-03-23,Mumbai Indians,Chennai Super Kings,MA Chidambaram Stadium,field,0,0.2,0.4,-0.2,0.5405405405405406,0.5333333333333333,0.7142857142857143,0
2025-03-24,Lucknow Super Giants,Delhi Capitals,"Dr. Y.S. Rajasekhara Reddy ACA-VDCA Cricket Stadium, Visakhapatnam",field,0,0.4,0.6,-0.19999999999999996,0.6,0.5,0.5,0
2025-03-25,Punjab Kings,Gujarat Titans,"Narendra Modi Stadium, Ahmedabad",field,0,0.4,0.4,0.0,0.4,0.5,0.5625,1
2025-03-26,Rajasthan Royals,Kolkata Knight Riders,"Barsapara Cricket Stadium, Guwahati",field,0,0.2,0.8,-0.6000000000000001,0.46153846153846156,0.3333333333333333,0.5,0
2025-03-27,Sunrisers Hyderabad,Lucknow Super Giants,"Rajiv Gandhi International Stadium, Uppal, Hyderabad",field,0,0.6,0.2,0.39999999999999997,0.25,0.5,0.5,0
2025-03-28,Royal Challengers Bengaluru,Chennai Super Kings,MA Chidambaram Stadium,field,0,0.8,0.6,0.20000000000000007,0.34375,0.38461538461538464,0.7183098591549296,1
2025-03-29,Gujarat Titans,Mumbai Indians,"Narendra Modi Stadium, Ahmedabad",field,0,0.2,0.2,0.0,0.6,0.5294117647058824,0.0,1
2025-03-30,Sunrisers Hyderabad,Delhi Capitals,"Dr. Y.S. Rajasekhara Reddy ACA-VDCA Cricket Stadium, Visakhapatnam",bat,1,0.4,0.6,-0.19999999999999996,0.5,0.5,0.6666666666666666,0
2025-03-30,Rajasthan Royals,Chennai Super Kings,"Barsapara Cricket Stadium, Guwahati",field,0,0.2,0.4,-0.2,0.4482758620689655,0.25,0.5,1
2025-03-31,Kolkata Knight Riders,Mumbai Indians,"Wankhede Stadium, Mumbai",field,0,0.8,0.2,0.6000000000000001,0.3235294117647059,0.5,0.5555555555555556,0
2025-04-01,Lucknow Super Giants,Punjab Kings,"Bharat Ratna Shri Atal Bihari Vajpayee Ekana Cricket Stadium, Lucknow",field,0,0.4,0.4,0.0,0.75,0.5384615384615384,0.5,0
2025-04-02,Royal Challengers Bengaluru,Gujarat Titans,"M Chinnaswamy Stadium, Bengaluru",field,0,0.8,0.4,0.4,0.6,0.5,0.5,0
2025-04-03,Kolkata Knight Riders,Sunrisers Hyderabad,"Eden Gardens, Kolkata",field,0,0.6,0.4,0.19999999999999996,0.6944444444444444,0.4666666666666667,0.5,1
2025-04-04,Lucknow Super Giants,Mumbai Indians,"Bharat Ratna Shri Atal Bihari Vajpayee Ekana Cricket Stadium, Lucknow",field,0,0.4,0.2,0.2,0.8333333333333334,0.5,0.0,1
2025-04-05,Rajasthan Royals,Punjab Kings,"Maharaja Yadavindra Singh International Cricket Stadium, Mullanpur",field,0,0.4,0.6,-0.19999999999999996,0.5925925925925926,1.0,0.2,1
2025-04-05,Delhi Capitals,Chennai Super Kings,MA Chidambaram Stadium,bat,1,0.8,0.4,0.4,0.36666666666666664,0.3,0.7083333333333334,1
2025-04-06,Sunrisers Hyderabad,Gujarat Titans,"Rajiv Gandhi International Stadium, Uppal, Hyderabad",field,0,0.2,0.6,-0.39999999999999997,0.25,0.4666666666666667,0.5,0
2025-04-07,Royal Challengers Bengaluru,Mumbai Indians,"Wankhede Stadium, Mumbai",field,0,0.6,0.2,0.39999999999999997,0.40625,0.625,0.5789473684210527,1
2025-04-08,Lucknow Super Giants,Kolkata Knight Riders,"Eden Gardens, Kolkata",field,0,0.6,0.6,0.0,0.6,0.3333333333333333,0.5,1
2025-04-08,Punjab Kings,Chennai Super Kings,"Maharaja Yadavindra Singh International Cricket Stadium, Mullanpur",bat,1,0.6,0.2,0.39999999999999997,0.4482758620689655,0.16666666666666666,0.5,1
2025-04-09,Gujarat Titans,Rajasthan Royals,"Narendra Modi Stadium, Ahmedabad",field,0,0.8,0.4,0.4,0.8333333333333334,0.5555555555555556,0.75,1
2025-04-10,Royal Challengers Bengaluru,Delhi Capitals,"M Chinnaswamy Stadium, Bengaluru",field,0,0.6,0.8,-0.20000000000000007,0.6206896551724138,0.4666666666666667,0.0,0
2025-04-11,Chennai Super Kings,Kolkata Knight Riders,MA Chidambaram Stadium,field,0,0.2,0.4,-0.2,0.6551724137931034,0.6986301369863014,0.3333333333333333,0
2025-04-12,Gujarat Titans,Lucknow Super Giants,"Bharat Ratna Shri Atal Bihari Vajpayee Ekana Cricket Stadium, Lucknow",field,0,0.8,0.6,0.20000000000000007,0.8,0.5,0.5333333333333333,0
2025-04-12,Punjab Kings,Sunrisers Hyderabad,"Rajiv Gandhi International Stadium, Uppal, Hyderabad",bat,1,0.6,0.2,0.39999999999999997,0.42424242424242425,0.0,0.4375,0
2025-04-13,Mumbai Indians,Delhi Capitals,"Arun Jaitley Stadium, Delhi",field,0,0.2,1.0,-0.8,0.5428571428571428,0.75,0.5,1
2025-04-13,Rajasthan Royals,Royal Challengers Bengaluru,"Sawai Mansingh Stadium, Jaipur",field,0,0.4,0.6,-0.19999999999999996,0.4827586206896552,0.5,0.5,0
2025-04-14,Lucknow Super Giants,Chennai Super Kings,"Bharat Ratna Shri Atal Bihari Vajpayee Ekana Cricket Stadium, Lucknow",field,0,0.8,0.0,0.8,0.75,0.5625,0.0,0
2025-04-15,Punjab Kings,Kolkata Knight Riders,"Maharaja Yadavindra Singh International Cricket Stadium, Mullanpur",bat,1,0.6,0.6,0.0,0.36363636363636365,0.2857142857142857,0.5,1
2025-04-17,Sunrisers Hyderabad,Mumbai Indians,"Wankhede Stadium, Mumbai",field,0,0.2,0.4,-0.2,0.4375,0.16666666666666666,0.55,0
2025-04-18,Royal Challengers Bengaluru,Punjab Kings,"M Chinnaswamy Stadium, Bengaluru",field,0,0.6,0.6,0.0,0.48484848484848486,0.4375,0.0,0
2025-04-19,Lucknow Super Giants,Rajasthan Royals,"Sawai Mansingh Stadium, Jaipur",bat,1,0.6,0.4,0.19999999999999996,0.2,0.5,0.45454545454545453,1
2025-04-19,Delhi Capitals,Gujarat Titans,"Narendra Modi Stadium, Ahmedabad",field,0,0.8,0.8,0.0,0.6,0.8,0.5789473684210527,0
2025-04-20,Chennai Super Kings,Mumbai Indians,"Wankhede Stadium, Mumbai",field,0,0.2,0.6,-0.39999999999999997,0.47368421052631576,0.5454545454545454,0.5714285714285714,0
2025-04-20,Punjab Kings,Royal Challengers Bengaluru,"Maharaja Yadavindra Singh International Cricket Stadium, Mullanpur",field,0,0.6,0.4,0.19999999999999996,0.5294117647058824,0.375,0.5,0
2025-04-21,Gujarat Titans,Kolkata Knight Riders,"Eden Gardens, Kolkata",field,0,0.8,0.4,0.4,0.6666666666666666,1.0,0.47058823529411764,1
2025-04-22,Lucknow Super Giants,Delhi Capitals,"Bharat Ratna Shri Atal Bihari Vajpayee Ekana Cricket Stadium, Lucknow",field,0,0.8,0.6,0.20000000000000007,0.5,0.5294117647058824,0.5,0
2025-04-23,Sunrisers Hyderabad,Mumbai Indians,"Rajiv Gandhi International Stadium, Uppal, Hyderabad",field,0,0.2,0.6,-0.39999999999999997,0.42424242424242425,0.47058823529411764,0.5,0
2025-04-24,Royal Challengers Bengaluru,Rajasthan Royals,"M Chinnaswamy Stadium, Bengaluru",field,0,0.6,0.4,0.19999999999999996,0.5333333333333333,0.4117647058823529,0.0,1
2025-04-25,Chennai Super Kings,Sunrisers Hyderabad,MA Chidambaram Stadium,field,0,0.2,0.2,0.0,0.6774193548387096,0.6891891891891891,0.26666666666666666,0
2025-04-27,Mumbai Indians,Lucknow Super Giants,"Wankhede Stadium, Mumbai",field,0,0.8,0.6,0.20000000000000007,0.14285714285714285,0.5909090909090909,0.6,1
2025-04-27,Delhi Capitals,Royal Challengers Bengaluru,"Arun Jaitley Stadium, Delhi",field,0,0.6,0.6,0.0,0.4,0.46153846153846156,0.0,0
2025-04-28,Gujarat Titans,Rajasthan Royals,"Sawai Mansingh Stadium, Jaipur",field,0,0.8,0.2,0.6000000000000001,0.8571428571428571,1.0,0.4166666666666667,0
2025-04-29,Kolkata Knight Riders,Delhi Capitals,"Arun Jaitley Stadium, Delhi",field,0,0.4,0.4,0.0,0.5625,0.0,0.42857142857142855,1
2025-04-30,Chennai Super Kings,Punjab Kings,MA Chidambaram Stadium,field,0,0.2,0.6,-0.39999999999999997,0.5333333333333333,0.68,0.4444444444444444,0
2025-05-01,Mumbai Indians,Rajasthan Royals,"Sawai Mansingh Stadium, Jaipur",field,0,1.0,0.2,0.8,0.5172413793103449,0.0,0.46153846153846156,1
2025-05-02,Gujarat Titans,Sunrisers Hyderabad,"Narendra Modi Stadium, Ahmedabad",field,0,0.6,0.4,0.19999999999999996,0.8,0.6,0.0,1
2025-05-03,Royal Challengers Bengaluru,Chennai Super Kings,"M Chinnaswamy Stadium, Bengaluru",field,0,0.8,0.2,0.6000000000000001,0.36363636363636365,0.4444444444444444,0.5,1
2025-05-04,Punjab Kings,Lucknow Super Giants,"Himachal Pradesh Cricket Association Stadium, Dharamsala",field,0,0.6,0.4,0.19999999999999996,0.4,0.0,0.5,1
2025-05-04,Kolkata Knight Riders,Rajasthan Royals,"Eden Gardens, Kolkata",bat,1,0.4,0.2,0.2,0.5555555555555556,0.4444444444444444,0.6666666666666666,1
2025-05-06,Mumbai Indians,Gujarat Titans,"Wankhede Stadium, Mumbai",field,0,1.0,0.6,0.4,0.3333333333333333,0.6086956521739131,0.6,0
2025-05-07,Kolkata Knight Riders,Chennai Super Kings,"Eden Gardens, Kolkata",bat,1,0.6,0.2,0.39999999999999997,0.36666666666666664,0.47368421052631576,1.0,0
2025-05-18,Delhi Capitals,Gujarat Titans,"Arun Jaitley Stadium, Delhi",field,0,0.2,0.8,-0.6000000000000001,0.5,0.4,0.5,0
2025-05-18,Punjab Kings,Rajasthan Royals,"Sawai Mansingh Stadium, Jaipur",bat,1,0.8,0.2,0.6000000000000001,0.39285714285714285,0.5,0.42857142857142855,1
2025-05-19,Lucknow Super Giants,Sunrisers Hyderabad,"Bharat Ratna Shri Atal Bihari Vajpayee Ekana Cricket Stadium, Lucknow",field,0,0.2,0.4,-0.2,0.8,0.5,0.0,0
2025-05-20,Chennai Super Kings,Rajasthan Royals,"Arun Jaitley Stadium, Delhi",field,0,0.2,0.2,0.0,0.5333333333333333,0.6666666666666666,0.3333333333333333,0
2025-05-21,Mumbai Indians,Delhi Capitals,"Wankhede Stadium, Mumbai",field,0,0.8,0.2,0.6000000000000001,0.5555555555555556,0.5833333333333334,0.3333333333333333,1
2025-05-22,Lucknow Super Giants,Gujarat Titans,"Narendra Modi Stadium, Ahmedabad",field,0,0.2,0.8,-0.6000000000000001,0.3333333333333333,0.0,0.6190476190476191,1
2025-05-23,Sunrisers Hyderabad,Royal Challengers Bengaluru,"Bharat Ratna Shri Atal Bihari Vajpayee Ekana Cricket Stadium, Lucknow",field,0,0.4,0.8,-0.4,0.5294117647058824,0.5,1.0,1
2025-05-24,Punjab Kings,Delhi Capitals,"Sawai Mansingh Stadium, Jaipur",field,0,0.8,0.2,0.6000000000000001,0.53125,1.0,0.0,0
2025-05-25,Chennai Super Kings,Gujarat Titans,"Narendra Modi Stadium, Ahmedabad",bat,1,0.2,0.6,-0.39999999999999997,0.42857142857142855,0.3333333333333333,0.5909090909090909,1
2025-05-25,Sunrisers Hyderabad,Kolkata Knight Riders,"Arun Jaitley Stadium, Delhi",bat,1,0.6,0.4,0.19999999999999996,0.2972972972972973,0.5,0.5,1
2025-05-26,Mumbai Indians,Punjab Kings,"Sawai Mansingh Stadium, Jaipur",field,0,0.8,0.6,0.20000000000000007,0.5483870967741935,0.5,0.5,0
2025-05-27,Lucknow Super Giants,Royal Challengers Bengaluru,"Bharat Ratna Shri Atal Bihari Vajpayee Ekana Cricket Stadium, Lucknow",field,0,0.2,0.8,-0.6000000000000001,0.4,0.47368421052631576,0.5,0
2025-05-29,Punjab Kings,Royal Challengers Bengaluru,"Maharaja Yadavindra Singh International Cricket Stadium, Mullanpur",field,0,0.8,0.8,0.0,0.5142857142857142,0.3333333333333333,1.0,0
2025-05-30,Mumbai Indians,Gujarat Titans,"Maharaja Yadavindra Singh International Cricket Stadium, New Chandigarh",bat,1,0.6,0.6,0.0,0.2857142857142857,0.5,0.5,1
2025-06-01,Mumbai Indians,Punjab Kings,"Narendra Modi Stadium, Ahmedabad",field,0,0.6,0.6,0.0,0.53125,0.0,0.6,0
2025-06-03,Royal Challengers Bengaluru,Punjab Kings,"Narendra Modi Stadium, Ahmedabad",field,0,0.8,0.6,0.20000000000000007,0.5,0.4,0.6666666666666666,1
2026-03-28,Sunrisers Hyderabad,Royal Challengers Bengaluru,"M Chinnaswamy Stadium, Bengaluru",field,0,0.8,0.8,0.0,0.5428571428571428,1.0,0.47368421052631576,0
2026-03-29,Kolkata Knight Riders,Mumbai Indians,"Wankhede Stadium, Mumbai",field,0,0.4,0.4,0.0,0.3142857142857143,0.4444444444444444,0.6,0
2026-03-30,Chennai Super Kings,Rajasthan Royals,"Barsapara Cricket Stadium, Guwahati",field,0,0.4,0.4,0.0,0.5161290322580645,0.0,0.4,0
2026-03-31,Gujarat Titans,Punjab Kings,"Maharaja Yadavindra Singh International Cricket Stadium, New Chandigarh",field,0,0.4,0.4,0.0,0.5,0.0,0.5,0
2026-04-01,Lucknow Super Giants,Delhi Capitals,"Bharat Ratna Shri Atal Bihari Vajpayee Ekana Cricket Stadium, Lucknow",field,0,0.2,0.2,0.0,0.42857142857142855,0.45,0.6666666666666666,0
2026-04-02,Sunrisers Hyderabad,Kolkata Knight Riders,"Eden Gardens, Kolkata",field,0,0.6,0.4,0.19999999999999996,0.3157894736842105,0.3333333333333333,0.45,1
2026-04-03,Chennai Super Kings,Punjab Kings,MA Chidambaram Stadium,field,0,0.4,0.6,-0.19999999999999996,0.5161290322580645,0.6710526315789473,0.5,0
2026-04-04,Rajasthan Royals,Gujarat Titans,"Narendra Modi Stadium, Ahmedabad",bat,1,0.4,0.2,0.2,0.25,0.6,0.5652173913043478,1
2026-04-04,Mumbai Indians,Delhi Capitals,"Arun Jaitley Stadium, Delhi",field,0,0.6,0.4,0.19999999999999996,0.5675675675675675,0.8,0.375,0
2026-04-05,Royal Challengers Bengaluru,Chennai Super Kings,"M Chinnaswamy Stadium, Bengaluru",field,0,0.8,0.4,0.4,0.38235294117647056,0.5,0.3333333333333333,1
2026-04-05,Sunrisers Hyderabad,Lucknow Super Giants,"Rajiv Gandhi International Stadium, Uppal, Hyderabad",field,0,0.8,0.2,0.6000000000000001,0.3333333333333333,0.4444444444444444,0.6666666666666666,0
2026-04-07,Rajasthan Royals,Mumbai Indians,"Barsapara Cricket Stadium, Guwahati",field,0,0.6,0.4,0.19999999999999996,0.4666666666666667,0.5,0.5,1
2026-04-08,Gujarat Titans,Delhi Capitals,"Arun Jaitley Stadium, Delhi",field,0,0.0,0.6,-0.6,0.5714285714285714,0.6666666666666666,0.4117647058823529,1
2026-04-09,Kolkata Knight Riders,Lucknow Super Giants,"Eden Gardens, Kolkata",field,0,0.2,0.4,-0.2,0.3333333333333333,0.42857142857142855,0.5,0
2026-04-10,Royal Challengers Bengaluru,Rajasthan Royals,"Barsapara Cricket Stadium, Guwahati",field,0,1.0,0.8,0.19999999999999996,0.5483870967741935,0.5,0.5714285714285714,0
2026-04-11,Sunrisers Hyderabad,Punjab Kings,"Maharaja Yadavindra Singh International Cricket Stadium, New Chandigarh",field,0,0.6,0.6,0.0,0.5882352941176471,0.5,1.0,0
2026-04-11,Chennai Super Kings,Delhi Capitals,MA Chidambaram Stadium,field,0,0.2,0.6,-0.39999999999999997,0.6129032258064516,0.6623376623376623,0.36363636363636365,1
2026-04-12,Royal Challengers Bengaluru,Mumbai Indians,"Wankhede Stadium, Mumbai",field,0,0.8,0.4,0.4,0.42424242424242425,0.6666666666666666,0.6153846153846154,1
2026-04-12,Lucknow Super Giants,Gujarat Titans,"Bharat Ratna Shri Atal Bihari Vajpayee Ekana Cricket Stadium, Lucknow",field,0,0.6,0.2,0.39999999999999997,0.42857142857142855,0.42857142857142855,0.3333333333333333,0
2026-04-13,Sunrisers Hyderabad,Rajasthan Royals,"Rajiv Gandhi International Stadium, Uppal, Hyderabad",field,0,0.4,1.0,-0.6,0.4666666666666667,0.42105263157894735,0.3333333333333333,1
2026-04-14,Chennai Super Kings,Kolkata Knight Riders,MA Chidambaram Stadium,field,0,0.4,0.0,0.4,0.6451612903225806,0.6666666666666666,0.375,1
2026-04-15,Lucknow Super Giants,Royal Challengers Bengaluru,"M Chinnaswamy Stadium, Bengaluru",field,0,0.4,0.8,-0.4,0.3333333333333333,1.0,0.5238095238095238,0
2026-04-16,Mumbai Indians,Punjab Kings,"Wankhede Stadium, Mumbai",field,0,0.2,0.8,-0.6000000000000001,0.5151515151515151,0.5925925925925926,0.5,0
2026-04-17,Kolkata Knight Riders,Gujarat Titans,"Narendra Modi Stadium, Ahmedabad",bat,1,0.0,0.4,-0.4,0.25,0.75,0.5416666666666666,0
2026-04-18,Sunrisers Hyderabad,Chennai Super Kings,"Rajiv Gandhi International Stadium, Uppal, Hyderabad",field,0,0.4,0.4,0.0,0.34375,0.45,0.0,1
2026-04-18,Royal Challengers Bengaluru,Delhi Capitals,"M Chinnaswamy Stadium, Bengaluru",field,0,0.8,0.6,0.20000000000000007,0.6129032258064516,0.5454545454545454,0.3333333333333333,0
2026-04-19,Punjab Kings,Lucknow Super Giants,"Maharaja Yadavindra Singh International Cricket Stadium, New Chandigarh",field,0,0.8,0.4,0.4,0.5,1.0,0.5,1
2026-04-19,Rajasthan Royals,Kolkata Knight Riders,"Eden Gardens, Kolkata",bat,1,0.8,0.0,0.8,0.42857142857142855,0.5,0.4090909090909091,0
2026-04-20,Mumbai Indians,Gujarat Titans,"Narendra Modi Stadium, Ahmedabad",field,0,0.2,0.6,-0.39999999999999997,0.375,0.0,0.56,1
2026-04-21,Sunrisers Hyderabad,Delhi Capitals,"Rajiv Gandhi International Stadium, Uppal, Hyderabad",field,0,0.6,0.6,0.0,0.4857142857142857,0.47619047619047616,1.0,1
2026-04-22,Rajasthan Royals,Lucknow Super Giants,"Bharat Ratna Shri Atal Bihari Vajpayee Ekana Cricket Stadium, Lucknow",field,0,0.6,0.4,0.19999999999999996,0.6666666666666666,1.0,0.4090909090909091,1
2026-04-23,Chennai Super Kings,Mumbai Indians,"Wankhede Stadium, Mumbai",field,0,0.4,0.2,0.2,0.46153846153846156,0.5,0.5714285714285714,1
2026-04-24,Gujarat Titans,Royal Challengers Bengaluru,"M Chinnaswamy Stadium, Bengaluru",field,0,0.6,0.6,0.0,0.5,0.6666666666666666,0.5217391304347826,0
2026-04-25,Rajasthan Royals,Sunrisers Hyderabad,"Sawai Mansingh Stadium, Jaipur",field,0,0.6,0.6,0.0,0.5161290322580645,0.4,1.0,0
2026-04-25,Delhi Capitals,Punjab Kings,"Arun Jaitley Stadium, Delhi",bat,1,0.4,1.0,-0.6,0.48484848484848486,0.3888888888888889,1.0,0
2026-04-26,Chennai Super Kings,Gujarat Titans,MA Chidambaram Stadium,field,0,0.6,0.6,0.0,0.5,0.6708860759493671,0.0,0
2026-04-27,Delhi Capitals,Royal Challengers Bengaluru,"Arun Jaitley Stadium, Delhi",field,0,0.2,0.6,-0.39999999999999997,0.40625,0.3684210526315789,0.5,0
2026-04-28,Punjab Kings,Rajasthan Royals,"Maharaja Yadavindra Singh International Cricket Stadium, New Chandigarh",field,0,1.0,0.4,0.6,0.41379310344827586,1.0,0.5,0
2026-04-29,Mumbai Indians,Sunrisers Hyderabad,"Wankhede Stadium, Mumbai",bat,1,0.2,0.8,-0.6000000000000001,0.5882352941176471,0.5517241379310345,0.14285714285714285,0
2026-04-30,Royal Challengers Bengaluru,Gujarat Titans,"Narendra Modi Stadium, Ahmedabad",field,0,0.8,0.6,0.20000000000000007,0.5714285714285714,0.5,0.5384615384615384,0
2026-05-01,Rajasthan Royals,Delhi Capitals,"Sawai Mansingh Stadium, Jaipur",bat,1,0.4,0.2,0.2,0.5172413793103449,0.375,0.5,0
2026-05-02,Mumbai Indians,Chennai Super Kings,MA Chidambaram Stadium,bat,1,0.2,0.6,-0.39999999999999997,0.525,0.5,0.6625,0
2026-05-03,Punjab Kings,Gujarat Titans,"Narendra Modi Stadium, Ahmedabad",field,0,0.8,0.6,0.20000000000000007,0.5714285714285714,0.5714285714285714,0.5555555555555556,0
2026-05-03,Sunrisers Hyderabad,Kolkata Knight Riders,"Rajiv Gandhi International Stadium, Uppal, Hyderabad",bat,1,1.0,0.2,0.8,0.3333333333333333,0.5,1.0,0
2026-05-04,Lucknow Super Giants,Mumbai Indians,"Wankhede Stadium, Mumbai",field,0,0.2,0.2,0.0,0.75,0.5,0.5333333333333333,0
2026-05-05,Delhi Capitals,Chennai Super Kings,"Arun Jaitley Stadium, Delhi",bat,1,0.4,0.6,-0.19999999999999996,0.375,0.35,0.5,0
2026-05-06,Sunrisers Hyderabad,Punjab Kings,"Rajiv Gandhi International Stadium, Uppal, Hyderabad",field,0,0.8,0.6,0.20000000000000007,0.5714285714285714,0.4782608695652174,0.0,1
2026-05-07,Lucknow Super Giants,Royal Challengers Bengaluru,"Bharat Ratna Shri Atal Bihari Vajpayee Ekana Cricket Stadium, Lucknow",field,0,0.0,0.6,-0.6,0.2857142857142857,0.391304347826087,0.6666666666666666,1
2026-05-08,Delhi Capitals,Kolkata Knight Riders,"Arun Jaitley Stadium, Delhi",field,0,0.2,0.4,-0.2,0.42424242424242425,0.3333333333333333,0.3333333333333333,0
2026-05-09,Gujarat Titans,Rajasthan Royals,"Sawai Mansingh Stadium, Jaipur",field,0,0.6,0.4,0.19999999999999996,0.6666666666666666,0.6666666666666666,0.35294117647058826,1
2026-05-10,Mumbai Indians,Royal Challengers Bengaluru,"Shaheed Veer Narayan Singh International Stadium, Raipur",field,0,0.4,0.4,0.0,0.5588235294117647,0.5,0.5,0
2026-05-10,Lucknow Super Giants,Chennai Super Kings,MA Chidambaram Stadium,field,0,0.2,0.6,-0.39999999999999997,0.6,0.3333333333333333,0.6666666666666666,0
2026-05-11,Punjab Kings,Delhi Capitals,"Himachal Pradesh Cricket Association Stadium, Dharamsala",field,0,0.4,0.2,0.2,0.5294117647058824,0.2,1.0,0
2026-05-12,Gujarat Titans,Sunrisers Hyderabad,"Narendra Modi Stadium, Ahmedabad",field,0,0.8,0.8,0.0,0.8333333333333334,0.5714285714285714,0.0,1
2026-05-13,Kolkata Knight Riders,Royal Challengers Bengaluru,"Shaheed Veer Narayan Singh International Stadium, Raipur",field,0,0.6,0.6,0.0,0.5714285714285714,0.5,1.0,0
2026-05-14,Punjab Kings,Mumbai Indians,"Himachal Pradesh Cricket Association Stadium, Dharamsala",field,0,0.2,0.2,0.0,0.5,0.16666666666666666,0.5,0
2026-05-15,Chennai Super Kings,Lucknow Super Giants,"Bharat Ratna Shri Atal Bihari Vajpayee Ekana Cricket Stadium, Lucknow",field,0,0.8,0.2,0.6000000000000001,0.5,0.5,0.4166666666666667,0
2026-05-16,Kolkata Knight Riders,Gujarat Titans,"Eden Gardens, Kolkata",field,0,0.6,1.0,-0.4,0.2,0.43478260869565216,1.0,1
2026-05-17,Royal Challengers Bengaluru,Punjab Kings,"Himachal Pradesh Cricket Association Stadium, Dharamsala",field,0,0.6,0.0,0.6,0.5135135135135135,1.0,0.14285714285714285,1
2026-05-17,Rajasthan Royals,Delhi Capitals,"Arun Jaitley Stadium, Delhi",field,0,0.4,0.4,0.0,0.5,0.5,0.3181818181818182,0
2026-05-18,Chennai Super Kings,Sunrisers Hyderabad,MA Chidambaram Stadium,bat,1,0.6,0.6,0.0,0.6363636363636364,0.6707317073170732,0.3125,0
2026-05-19,Lucknow Super Giants,Rajasthan Royals,"Sawai Mansingh Stadium, Jaipur",field,0,0.4,0.2,0.2,0.2857142857142857,0.6666666666666666,0.3333333333333333,0
2026-05-20,Mumbai Indians,Kolkata Knight Riders,"Eden Gardens, Kolkata",field,0,0.4,0.8,-0.4,0.6944444444444444,0.0,0.4583333333333333,0
2026-05-21,Gujarat Titans,Chennai Super Kings,"Narendra Modi Stadium, Ahmedabad",field,0,0.8,0.6,0.20000000000000007,0.5555555555555556,0.5862068965517241,0.5,1
2026-05-22,Sunrisers Hyderabad,Royal Challengers Bengaluru,"Rajiv Gandhi International Stadium, Uppal, Hyderabad",bat,1,0.6,0.6,0.0,0.5277777777777778,0.5,1.0,1
2026-05-23,Lucknow Super Giants,Punjab Kings,"Bharat Ratna Shri Atal Bihari Vajpayee Ekana Cricket Stadium, Lucknow",field,0,0.4,0.0,0.4,0.42857142857142855,0.44,0.6666666666666666,0
2026-05-24,Rajasthan Royals,Mumbai Indians,"Wankhede Stadium, Mumbai",field,0,0.4,0.4,0.0,0.4838709677419355,0.5,0.5483870967741935,1
2026-05-24,Delhi Capitals,Kolkata Knight Riders,"Eden Gardens, Kolkata",field,0,0.6,0.8,-0.20000000000000007,0.4117647058823529,0.0,0.48,1
2026-05-26,Royal Challengers Bengaluru,Gujarat Titans,"Himachal Pradesh Cricket Association Stadium, Dharamsala",field,0,0.6,0.8,-0.20000000000000007,0.5,1.0,0.5,1
2026-05-27,Rajasthan Royals,Sunrisers Hyderabad,"Maharaja Yadavindra Singh International Cricket Stadium, New Chandigarh",field,0,0.4,0.6,-0.19999999999999996,0.5,1.0,0.0,1
2026-05-29,Rajasthan Royals,Gujarat Titans,"Maharaja Yadavindra Singh International Cricket Stadium, New Chandigarh",bat,1,0.6,0.6,0.0,0.3,1.0,0.0,0
2026-05-31,Gujarat Titans,Royal Challengers Bengaluru,"Narendra Modi Stadium, Ahmedabad",field,0,0.6,0.8,-0.20000000000000007,0.4444444444444444,0.6,0.42857142857142855,0
